source,target,prediction
nhũygûana,cria dos campos,amêndoa
"sory karaibebé, ikó 'ara momoranga","estão felizes os anjos, festejando este dia","sory karaibebé, deitar 'ara momoranga"
mbo'yrysy,cordão de contas,alunos
vinte sosé,mais de vinte,vinte sosê
îaîmoasy marãtekoagûera îandé py'a suíne,"arrepender-nos-emos, de coração, dos maus procedimentos",desanimo de maranagûery îandé pé sobre seu
arokakar gûenũ,aproximei-me de guenum,gûynakar
nebe oronheangerur oré poasemamo,"a ti suspiramos, gemendo",nebe nos enhancerá em nosso poasem
xe nhe'engetekatu,eu sou muito falante,não é compreensível
semimoetéramo aîkó,"sou íntimo deles, isto é, sou o que eles honram",se eu tivesse
u'ubá-tyba,ajuntamento de canas-de-flecha,u'ubá-tyba
"kaûĩaîa 'useîa é, opakatu amboapy","querendo beber vinho, tudo esgotei","kaûîyîa 'usei é, tudo eu amo"
nde ybỹîa pupé pitangamo oúpa,dentro de tuas entranhas como criança estando,tua bebiça pupé pitangãs vieram?
oré atyr,nós estamos amontoados,iremos cair
xe ruba rupi é emonã aîkó,assim ajo conforme meu pai,xe ruba é que eu vou aceitar
xe rarûab,frustrei-me,xe rarûab
ereîkuá ranhẽ meémo emonã nde rekorama,deverias ter sabido antes o que fazias,que faça-se cedo que aceitem o vosso desejo
tĩmuku,"lit, tromba comprida, gorgulho, inseto coleóptero",irmã
oronhomoîoîá,nós nos igualamos um ao outro,ao oronhomoîoyîá
ahẽ ranhẽ temonemo,"deveria ser ele, primeiro",vou-me rasgando
ké abá rekóû anhẽ,"aqui alguém está, certamente",que a abá tem o rosto amargo
asó serãne ra'e?,dizem que fui?,seria tarde?
marãîasûaramo turi mã!,"ah, oxalá ele viesse!",em santaciûny turi mã!
"îasepenhan, îaîpysyk i apysyk' e'ymebé","ataquemo-los, prendamo-los antes que se consolem","sãopenhan, sãopysynynyny"
xe piraty,eu tenho amantes,xe pirata
xe nhõ a'u pakatune,eu somente beberei tudo,comei katune xe nhõ
oîeaparybyri a'ar,nasci com as pernas dobradas,estava a comer no meio-aberto
xe kyragûasu,eu sou muito gordo,xe-terrível
xe ropé-py-sysyî,eu tenho o interior das pálpebras trêmulo,somos nós os dois
a'é byter aîpó gûi'îabo - ainda digo isso e'i byté-byterĩ ahẽ xe amotare'yma,"ainda, ainda me odeia fulano",eu digo isso eu vou xe-tiro
pe rapy tataendyne!,queimar-vos-ão as chamas!,o lampinho fogo!
xe irũnamo okaîba'e,o que arde comigo,xe irão desapareceu
nd'e'i te'e îandé rubypyrama monhanga îandé nhemonhangabamo,por isso mesmo fez nosso pai primeiro como nosso progenitor,não disse que fosse rubypyrama monhanga fosse nhemonhangabamo
moroún-mbyry nakó,"eis que estava de cor um tanto preta, certamente",moroun-mbyry nakó
aîapi-api,fiquei-o apedrejando,em meio
xe moaîu-marangatu aîpó tekó-pysasu,importuna-me bem aquela lei nova,xe moaîyû-marangatu aîpó-pysã
oîar-atã serã i aoba i nupãsagûera i moperé-perebagûera resé?,pegou-se firmemente sua roupa com que ele foi castigado às suas chagas?,será que será que ele não pode ser o seu marido e sua mãe?
oré apûanã,nós estamos juntos,oramos embuxando
"mokõîbé osyî kori, xe repîaka rupibéne","ambos tremerão hoje, assim que me virem","duas vezes sorri kori, xe demais"
erenhemoatyrõpe eîegûaka nde poropotaramo?,"enfeitaste-te, pintando-te, tendo desejos carnais?",seríamos nós que não nos levantamos ao nos fazermos a nossa pergunta?
"kunhã rakypûemondóbo, apŷaba n'i apysáî","seguindo o rastro das mulheres, os índios não desistem","manhã de manhã, não vou para cá"
"ereîanga'ope nde ruba, nde sy, nde ramũîa, nde aryîa?","vituperaste teu pai, tua mãe, teu avô, tua avó?","a que tipo de retrato são o seu pai, sua mãe, sua prima, seu ananiã?"
"tubixá-katu aîmbiré, apŷaba moangaîpapara","o grande chefe aimbirê, o pervertedor dos índios","tubixá-katu a meu lado, apesar de ser escritor"
xe mombuku umẽ îepé,não me faças demorar,fica longe ele mesmo
ygara rokytá,mastro da embarcação,porta de casa
"a'eboé tupã ra'yramo anhemoingó re'a, gûinhemoîasukuká","muito a propósito comportei-me como filho de deus, fazendo-me batizar","se eu sou filho de deus eu faço tuîa, gûinhemoasukuka"
tupã remimotara rupi asé moingosara,o que nos faz estar segundo a vontade de deus,por remimotara de deus assé moingosara
ó-mirĩ pupé ereîkó,dentro de uma casinha estás,meninos pupé irão dizer
na marã xe rekóreme ruã,não porque eu fizesse algum mal,na marã xe xe tuoreme
mba'e-poxy-katupabẽ ruru-a'ub-y gûé!,ó mesquinho repositório de muitíssimas coisas más!,coisa-poxy-katubabyé ruru-a'ub-y gûyû!
i mosapysaba,o terceiro deles,eu sorbiço
erenhemosaînanype nde rambyagûá missa iîypyrungápe sendubagûama ri?,tu te preocupaste com que teus vizinhos ouvissem a missa ao começar ela?,erenhemosaînanype iremos fazer sua missa no início de sendubagûyama ri?
pesepîak irã ybytinga 'arybo xe rura béne,vereis também futuramente minha vinda sobre as nuvens,pesepîak irã ybytinga 'arybo xe rura béne
oporombo'e-a'u tupã nhe'enga ra'anga,ensina falsamente as pessoas a provarem a palavra de deus,ensinaba a imagem de deus nheanga
nhemim-y îanondé,antes de te esconderes,nhemim-y perante ele
abá marã sekoagûerĩ resé nherane'yma,não fazer ataque às pequenas maldades dos homens,abá marã sekoagûyrõẽ sere nherane'yma
xe 'ãur,tive alento,xe 'anhur
xe kupépe é ahẽ aîpó i 'éû,na minha aûsência é que ele disse isso,xe coper é que vou a pé o dia
putuna rupi okagûabo,bebendo cauim durante a noite,pela toca ele enxugûeceu
oîepebẽ aîkó,estou só,já estava ali
sekoaûîépe gûaîtaká koîpó gûaîanã ra'yra?,está pronto o guaitacá ou o filho do guaianá?,no berço gûypa o filho do gûypa?
"tupã îoaûsuba pupé îaîkóbo, tekokatu-eté îarekó","estando nós no amor de deus, a verdadeira felicidade temos","deus ouseubá pupé ouseubá, a moralidade ouseubá"
og uba resé,por causa de seu próprio pai,og uba resé
"gûemimbo'e pyri o karûápe, miapé o pópe gûemiîara i moîebyû gûetéramo","ao comer junto dos seus discípulos, o pão que tomou em suas mãos devolveu-o como seu corpo","alunos caminhando, sempre em mãos quando criança"
xe moîoîá xe îemoŷrõ,repleta-me minha ira,seja para onde esteja
"oroîmomburu anhanga, nde nhõ nde rapîaretébo","amaldiçoamos o diabo, a ti somente obedecendo muito","oroîmburu anhanga, teu nhõ teu pesquisador"
asapûa'ok,aguço-a,eu faço chuvi-puvi
itá repoti,ferrugem do ferro,repoti da sua aldeia
xe kûaî,eu sou raro,xe-aí
agûatá-gûatá tenhẽ,fico andando à toa,agûyate-gûyate
aûnhenhẽ o apixarĩ resé îepyki,"imediatamente, de seu próximo eles vingam-se",me esbuxarei para te esbuxar
"erĩ, nd'oré abangabi!","ah, não estamos acovardados!","irão, não seremos abangabi!"
"oîoa'o-a'o gûaîbĩ, oîoamotare'ỹ","insultam-se as velhas, odeiam-se",está a cair-aparecer
n'oîpotari îandé ri îandé sumarã pu'ama,não quis em nós o assalto de nosso inimigo,não querê ser o sumário do seu pai
"adão, oré rubypy, oré mokanhemeté","adão, nosso primeiro pai, fez-nos perder verdadeiramente","adão, ruby nós, nós dois"
"anhanga pe'abo, te'õ resebé","afastando o diabo, assim como a morte","anhanga peabo, te'õ resebé"
aûîé! teumẽ xe mombaka!,basta! não me despertes!,eu tenho! eu tenho xe longe!
xe pugûasu,eu sou muito barulhento,xe pugûasu
"t'îanhe'engá-mirĩ, ranhẽ, 'ara momorãngatûabo","cantemos um pouquinho, primeiro, para festejar bem o dia","remos, ranhão, 'ara de moçambicação'"
"tupã robaké eîkóbo, xe suí nd'eresyryki","estando diante de deus, de mim não te afastas","tupã robaké esteve, xe suí não te tiras"
"putunusu porarábo, oroîkotebẽngatu","suportando a grande noite, estamos muito aflitos",putunusu porarábo
irõ bé!,"enfim, de volta!",irão bem!
aîopûaî amõ abá pindoba resé,mandei um homem em busca de pindoba,enxuguei ao pé de abá pindoba
"moraseîa é i katu, îegûaka, sa-mongy","a dança é que é boa, enfeitar-se, untar suas penas","morari é seu, xeugûaka, sa-mongy"
teté marã e'îabo mã!?,"ah, que dizes!?",o que faz o meu pai!?
asó morapépe,vou ao caminho das pessoas,assó no amarelo
xe raîyîeapar,eu tenho um nervo encolhido,xe raînyeapar
oîerekoaíbeté xe akanga rasy xe suí,piorou muito a dor de minha cabeça,deveria ter xe akanga rasy xe suí
pirá-nhandy,óleo de peixe,pirá-nhandy
aîpokesá-rab,solto o embrulho dele,aîpokê-rab
aîmorambûerukar ahẽ rekorambûera,fiz frustrar aquilo que fulano faria,desejava ir para vós
ererekomemûãpe nde rapixara mba'e?,estragaste as coisas de teu próximo?,em seu conjunto o que faz seu rapixara?
ererobîápe abá remo'ema?,acreditaste nas mentiras de alguém?,em que igreja já lemonde?
abá ranhẽpe erimba'e tupã oîmonhang-ypy ybaka porama?,quem deus fez primeiro como habitantes do céu?,em que ranhão vocês rezavam o deus em ybaka porama?
marãnamope asé o poti'ape i moíni?,por que a gente a põe em seu próprio peito?,no marãnamope eu vou para o berço de seu morto?
asé 'anga rekorama oîmonhang asébe,as leis de nossa alma fez para a gente,assé 'anga rekorama estámonhang assé
ogûeronhe'eng i mendarypyrama tupãokype marãtekoabe'yma pupé,anuncia os que serão casados na igreja nos feriados,colocam o mendarypyra na rainha pupé
pedro ranhẽ osó,pedro foi primeiro,berço de pedro saiu
xe ra'yra xe remimonhanga,meu filho que gerei,xe filho xe remimonhanga
osem okarype,saiu para o pátio,oito em xeonhão
xe moaîu-te i nema mã!,"ah, mas como me importuna o fedor dele!",xe moaîu-te sua xeia mã!
o 'anga moporangukar e'ymebé,antes de fazer embelezar sua alma,o 'anga moporangukar eîymebé
emoîyb kaûĩ amõ,coze algum cauim,amolecem o bosque
tupã potaba,quinhão de deus dízimo,deus potaba
"xe, anhangusu-mixyra","eu, o diabão assado","xe, anhangusu-mixyra"
a'epe o mũeté resé oîkopoxyba'e?,"e o que, torpemente, tem relações sexuais com sua parenta verdadeira?",perguntei se ele estava a ficar em pé?
"onheŷnhang umã sesé kunumĩetá kagûara, kunhãmuku i more'ymbara",já se juntaram por causa disso muitos moços bebedores de cauim e as moças que dão de beber às pessoas,"desaparecem seus meninos kagûara, kunhãmuku i more'ymbara"
nhe'ẽ-tenhẽa,palavras vãs,não gritos
onhembo'e tupã nhe'enga o emierobîarama resé,"aprende acerca da palavra de deus, em que crerá",ensina deuses nãoenga ou emierobîarama resé
aûîé a'e!,é certo isso!,eu vou para cá!
n'aîasabi pó-pytera,nem me cruzei as palmas das mãos,não tenho o manus-pytera
asereb,lambi-o,serêb
i abaí xebo sa'anga,é difícil para mim tentá-los,eu abaí xebo sa'anga
a'e rame'ĩpe ybŷá i py rerekóû itapygûá pupé i moîáno?,"semelhantemente a isso fizeram com seus pés, pregando-os também com cravos?",pergunto se o berço fica junto ao pé-possuído da sua família?
xe pinim,eu tenho pintas,xe pinim
korite'ĩ-mbyryb,agora há pouco,menino-miragûyryb
pitangamo seni maria îybápe,como criança está sentado nos braços de maria,piangamo seni maria em seu lado
"emonãnamo, ereîu oré putuna pe'abo","dessa maneira, vens para afastar nossa escuridão","se quiserem, digam-nos que peçam a toca"
nhũ-myterype i mbo'îabo,em meio de campo repartindo-os,nhũ-myttery seus ensinamentos
"- nde rasẽ, eîeapirõ!","grita tu, lamenta-te!","- tu choras, vamos lá!"
osó memẽ n'akó îepi,eis que ele sempre vai,sai para dentro para comer o seu
itá-kysegûasu,cutelo de ferro,pedras-gûsegûyûa
atyabor,estou na penúria,ayatybor
kunhã ri i moreká,sua busca de gente nas pessoas das mulheres,manhã r i moreká
emonã nungara amõ t'îasó kori seru,vamos hoje para trazer alguns assim desse jeito,amendá nungara ao meu lado kori seru
"i îetanongápe, sory nde py'a","ao presentearem-no, alegrou-se teu coração","em seu berço, sory teu pé"
"t'oú, nde îeruresápe, tupã oré moorypa","que venha, por teus pedidos, deus para nos fazer felizes","venha, ao teu rugido, deus nos quer rugido"
nde angerasópe abá-porangepîaka?,maravilhou-te a vista de homens belos?,em seu sofrimento por-porangepîaka?
pindá posyîtaba,chumbada do anzol,pindá posyîtaba
kó 'ara marãtekoabe'yma,este dia é feriado,neste 'dia do ano novo'
apindó-pûaî,mandei fazer palma,apinhã-apinhã
akanetá-pyrã-beraba reroínano,tendo também coroas vermelhas e brilhantes,akanetá-pornamo
ereîmotebirype abá koîpó nde motebirype abá?,usaste um homem como mulher ou usou-te como mulher um homem?,diria ao meu bebê que hoje será o seu bebê?
agûyapy,caí,eu vou dormir
aopesembûera,"pedaço de roupa, retalho de pano",eu me esconde
ereropûar ybyrá nde remirekó resé!,bateste com um pau na tua esposa!,rendam-se para fora o rosto de sua mulher!
kûarasy sembaba,"a saída do sol, o nascer do sol",doença sembaba
kyba'yra,lêndeas de piolho,filho-de-biã
aîusã-moín,armei os laços,eu me vou
asykûera aîasy'ab,cortei um pedaço,me arrependo
o emiminõ resé nd'e'ikatuî abá omendá,com sua própria neta não pode ninguém casar-se,o emiminho resé não pode abá casar
sory-porang,estão bem felizes,sory-porang
abá rekopoxy mosãîa,tornando notórios os vícios das pessoas,envelhecimento abá
catorze asé remierobîarama,catorze são aquelas coisas em que creremos,catorze dias de adoração
anheté pesepîak irã tupã tuba 'ekatuaba koty xe gûapyka xe renane,"na verdade, ver-me-eis futuramente estar sentado ao lado direito de deus-pai",anheté pesepîak irã deusa tuba 'ekatuaba quarto xe gûapyka xe renane
nde morerekoar xe ri,tu és guardião de mim,tua morerekoar xe ri
"îarybobõ omonguî, ygara kuabĩ potá","a ponte derrubam, querendo que a canoa passe","seu rosto molhada, a água está sob o sol"
"koba'e îakatu mbype, xe re'õ roîré ybŷá xe rerekóûne","como a estes por aqui, farão comigo após minha morte","koba'e por aí, xe rouraríamos junto xe possuirias"
abá-memûã,homem falso,aba-em-em
y-akã,braço de rio,cabeça-á
"sugûy mombukapa, îaînupã-nupã","derramando o seu sangue, ficaram a açoitá-lo",sugûy afastado
"iké nhẽ peîkó xe rarõmo, xe pyri, pekere'yma","estai aqui esperando-me, junto de mim, não dormindo","dorme nhẽ vós xe rarõmo, xe pyri, pequery"
amõ aopyranga mondepa sesé,uma púrpura colocando nele,aonde eu aorobi o mundo sesé
"asykyîé, aryryî!","tenho medo, tremo!","afastem, afastem!"
a'epe ebokûé nde îuraragûaîa pupé eremoerapûã abá amõ?,e com essa tua mentira tornaste alguém famoso?,perguntei ebokûé o teu uraragûaîne pupé que vocês fazem abá meu filho?
gûaîxará seryba'e,"o que tem nome guaixará, o chamado guaixará",gûîxará serybaî
ereporupe?,comeste gente?,para vocês?
ybakype asé 'anga rerasóbo,levando nossa alma para o céu,no mar assé 'anga rasõbo
pe rekobé me'engaba rerekóbo,tendo o dom da vossa vida,o meubebebebebebebebebebebebebebebebebebebebebebebebebebebebebebebebebebebebebebebebebebebebebebebebebebebebebebebebebebebebebebebebebebebebebebebebebebebebebebebebebebebebebebebebebebebebebebebebebebebebebebebebebebebebebebebebebebebebebebebebebebebebe
i pyr,ela está crua,o meu rabo
oîabyetépe omendaryba'e tupã nhe'enga o îosuí omondarõmo?,"transgridem muito a palavra de deus os que se casam, sendo traidores um do outro?",em quem casaram os deuses não-engûeî ou îosuí o enposaram?
abá abépe i pyri i tymbaramo?,quem mais junto deles foram seus sepultadores?,para onde os pés estão no meio do taburão?
t'omanõ!,que morra!,queimem!
"aîmbiré, eîori xe robaké!","aimbirê, vem diante de mim!","por dia, por dia robaké!"
aytypeir,varri os ciscos,aytypeir
eresepyme'eng ygûãpe nde mondasagûera?,pagaste já o objeto de teu furto?,compadecem ao fogo o vosso roubo?
eîori sa'anga rõ,"vem para prová-los, pois",euori asandu'a
iîá muru! i py'apûera xe potabamo t'oîkó,bem feito para o maldito! seus fígados hão de ser minha porção,iîá muru! seu coração xe potabamo t'oîa
i apé koty,do lado de fora dele,meu quarto
i abaeté sepîaka ixébo,é terrível para mim vê-los,eu abaeté sepîaka ixébo
amõme é,"algumas poucas vezes, algumas vezes, somente",para onde é
"itapygûá pupé i pó kutuka, i moîá","com cravos espetando suas mãos, pregando-as","sua filha pupé o seu braço kutuka, seu maço"
-setápe asé nhemongaraíbi? - aani - a gente batiza-se muitas vezes?,de maneira nenhuma,-em sete anos é que nhemongaraíbi? -aani - as pessoas são batizadas muitas vezes?
mbype erebasẽ i xupé?,chegaste perto junto a eles?,em que dia espetá-lo?
sekomemûãneme senonhẽ-nonhena,ficando a repreendê-lo por ocasião de seu erro,sekomemẽẽ senonhẽ-nõhena
îaîebyîeby ranhẽ,"vamos dar uma volta, primeiro",sãobobagem-abur
îandé momburu meémo,ter-nos-iam amaldiçoado,que ele ande longe
iké xe roka,aqui é minha casa,sono xe roca
nde poxy ûĩ!,como tu és mau!,seu sorriso está bom!
ara mosapyra riré bé sekobeîebyri,logo no terceiro dia voltou a viver,dia-abóbora bé sekobeîebyri
pará-paraba,manchas diversas,para-paraba
ma'e resé îandé mongetáû?,a respeito de quê conversamos?,que será que ele é montabaû?
t'oîkuab ybaka piara,que conheça o caminho do céu,t'oîkuab ybaka piara
asapynhang,aticei-o,assapynhang
"nd'e'i te'e moxy keteté abá ropenhana, sesé oîemoembiaryîá","olhe bem que, por isso mesmo, o maldito ataca o homem, tornando-se apresador dele","não diz que moxy keteté abá nós venhhana, sesé está em meio ao mundo"
nde resa'y eîmondyky seroŷrõsápe,"destila tuas lágrimas, por detestá-los",encoste o teu sofrimento no deserto
sekobîaramo aîme'eng,dei-o em troca,no meio-aberto
inimbó'i amõ reru,trazendo um pouco de linha,inimbõ-lhe o reru
asy-syî,fiquei estremecendo,frio-frio
aîubyk,enforquei-o,me apanharei
i kaûĩgûasu-pipó xe ramûĩa îagûaruna?,"tem muito cauim, por acaso, meu avô jaguaruna?",e o gûyrûagûaruna em que geração são os gûyrûagûaruna?
"sobaké anhanga onheŷnhanga, i mokona motá","diante deles os diabos ajuntando-se, querendo engoli-los","sobaké anhanga onheŷnhanga, sua mokona motá"
abá nhe'engûerape aîpó?,palavras de quem são aquelas?,para onde eu vou ouvir?
aîpó tekó-pysasu abá serã ogûeru?,"aquela lei nova, quem será que a trouxe?",será que a vida-pob pode vir?
putuna nd'îaîandubi xûéne,a noite não perceberemos,putuna não se arrepende de nada
eresapîápe tekopoxy resé nde moingóreme?,obedeces a eles quando te fazem viver no vício?,para onde quer que a gente vos dê morada?
marãpe serekóû i tym-y îanondé?,que fizeram com ele antes de o enterrarem?,em que mar serekûûûne seu irmão antes dele?
"nd'e'i te'e oá nhote i xuí, nd'i pekábo ruã","por isso tão somente nasceu dela, não lhe fazendo rombo","não diz para vir só nos xuí, não há pecado em casa"
ro'y oporomoryryîeteba'e,um frio que faz as pessoas tremerem muito,o frio tornou-nos sorriso
nde ererupe nde remirekó?,tu trouxeste tua esposa?,em seu berço sua esposa?
yba ting,os cabos são brancos,yba ting
nde membyramo orokupa,como teus filhos estando nós,se o teu filhote morre
"t'îasó îandé îabé îandé 'anga moîegûaka, serasóbo sobaké","vamos, como nós, para enfeitar nossas almas, para levá-las diante dele","t'iasó îandé îabé îandé 'anga aíegûaka, serasóbo sobaké"
asobagûá-moín,pus entradas no rosto dele,assombûa-moín
eporeaûsubok xe 'anga,compadece-te de minha alma,eporeaûsubok xe 'anga
"-tupã espírito santo anhẽ a'e tatá? -nda tupã espírito santo ruã, tura îekuapaba é - deus espírito santo era, na verdade, aquele fogo?","não era deus espírito santo, mas um sinal da sua vinda",-todo espírito santo entra no fogo? -deus espírito santo entra no fogo?
nd'e'i ymûanĩ ahẽ aoba moaûîébo,ele nunca acaba de completar as roupas nd'e'i ymûanĩ osóbo - nunca acaba ele de ir,não disse no passado para sair de madeira moûûîébo
"na oré ruã, oré kyra é","não fomos nós, mas nossos subordinados","não vamos, vamos kyra é"
nde 'anga osapy satá,abrasou tua alma o fogo dele,teu 'anga se esparsam satá
asa'ubar,tomei-o em seco,assobar
îandé manhana ranhẽ t'osó îandé renondé,"nosso espião vá primeiro, à frente de nós",îandé manhã ranhão tiso perante îandé
marãnamope asé o îurupe sa'angino?,por que a gente em sua boca a assinala também ?,no marãnamo asé ou no sumo sa'angino?
nd'e'i te'e i xupé o akangaó-'okara tupã nhe'enga abŷabo,por isso mesmo os que tiram seu chapéu para eles transgridem a palavra de deus,não diz que seu xupé o akangaó-'okara deus não vêngue abŷabo
"o a'yra, o embiaûsuba omoporabykyba'e",o que a seu filho e a seu escravo faz trabalhar,"filho, embiaûsuba faz pesquisa"
sygûyrõpe kunhã o mena reséne?,terá a mulher ciúmes de seu marido?,no sorginho a rã ou a mena resene?
aker-akerĩ,durmo amiúde,dia-a-dia
se'ẽ-moxy,ele está salgado demais,seẽ-moxy
îarekó îandé îomba'e,temos nossas coisas comuns,tenha o seu respeito
osem-y bépe irã eboûinga suíne?,sairá também futuramente de lá?,osso-y bépe é eboûinga suíne?
"tupã moîoîapa, sekóû ybaté","sendo igual a deus, está nas alturas","cego deuses, secûûû ybaté"
xe rapûá,eu estou amontoado,xe-apuruá
asenopu'am pedro ybyrá pupé,ameacei pedro com um pau,assentamos pedro ybyrá pupé
oîmonhangype îandé îara amõ sobaké?,fez nosso senhor algum diante dele?,está em manhã-abóbora?
nde resá poraûsubara erobak ixé koty,teus olhos misericordiosos volta em minha direção,seu rosto deve ser consultado para o quarto
angaîbĩ'ĩ nhote,"algum tanto, um pouquinho",sorbi-vos só
ereîmombe'upe abá rekopoxŷagûera oîepebẽ nde remiepîakûera abá supé?,"contaste para as pessoas o mau procedimento de alguém, que somente tu viste?",diria-me sobre o dia do abá supé que estava em seu lado?
xe rendysyryk,eu babo,xe-mirilhante
sasy-eté ahẽ osóbo - é doloroso ir-se fulano sasy-eté ahẽ oure'yma ixé o enõîndápe,é muito doloroso não vir fulano ao meu chamado,enfermeiro-te vou osóbo - é doloroso ir-se fulano enfermeiro-te vou rir ixé ou enonde
tekó-katu aîporará,levo uma vida boa,a gente pode ficar bem
abá-tubixaba,homem membrudo,aba-tubixaba
o îoakypûé-kypûeri,uns atrás dos outros,o seu enrote-kypûeri
omanõ xe îybá,meu braço perdeu a sensibilidade,moribundos xe îybá
"eresenõî tenhẽpe tupã rera, nde îuraragûaîamo nhẽ, îuraragûaîamo sekó kuapa?","invocaste em vão o nome de deus, mentindo, sabendo ser mentira?","iresseis ao céu o canto de deus, quando vos alegre, quando alegre o sekó dos homens?"
ikó-te,este outro,dormiam só
aybyrá-pan,lavro as madeiras,aybyrá-pão
aîuruîubupîarûera,adversário antigo de franceses,eu ando ao pé-de-abóbora
asé sybasab i pupé,faz a cruz em nossa testa com ele,assé sybasab seu pupé
onhemoangaîpabeté serã apŷaba o îeapyká-eté roîré?,porventura fizeram-se muito maus os homens após se multiplicarem?,será que será um pouco ou um pouco de nós?
nde îanhõte mba'e e'u,come moderadamente,tu só tem que comer
se'õ,ele morre,a cabeça
"erepo'ẽpe kunhã rapopé amõ pupé, nde akyramo?","passaste as mãos nalguma virilha de mulher, estando enternecido?","vós comportais o diabo no diabo, quando vos fizer?"
okuî rakó amũme 'ybarambûera o 'yba suí ybotyramo oîkóbo bé,"caem, às vezes, os frutos das suas árvores, sendo ainda flores",chuvia rakó no meio do 'ybarambûera'
nde 'anga resapesaba gûeba potare'yma,não querendo que se apague a luz de tua alma,teu 'anga resapesaba gûeba potare'yby
a'e abaré nde mongaraipara iraîtytataendy me'engi nde pópe,aquele padre que te batiza dá uma vela na tua mão,eu abaré o teu mongaraîpiraitanyatá-lenha tendas em tua mão
o'ar mundé,a armadilha caiu,ir para o mundo
îamombá taba îandune,"destruiremos a aldeia, como de costume",îamombá taba îandune
xe ra'ysé,os parentes de minha mulher,xe filhoti
"tataendy-etá, asé apekũ abŷare'yma anhõ osepîak","viram somente muitas chamas, parecidas com as línguas da gente","fogo-tinhas, assé eu abraço abertamente eu quero correr"
aîupabok,parti,eu aubok
o poromonã-monana,ficando a confundir as pessoas,o poromonã-monana
apysakûá-îe'o,buraco das orelhas tapados,eu vou-tendo
xe putupab nhẽ nde ri,eu estou admirado contigo,xe putupab nhẽ xe teu ri
anhemosaraî,brinco,esposonhar
mby piru'a,calos dos pés,mirilhos
páscoa îabi'õ tupãrara,comunhão a cada páscoa,páscoa para o deus
asekobîarõ xe nhe'enga,desdisse minhas palavras,ao pé-tambem
asé 'anga ereîosub,nossa alma visitas,assé 'anga erîyossub
"morosumarã, anhanga","o inimigo da gente, o diabo",morosumarã
i pyrybé perobîá,acreditai um pouco mais nele,o meu pirybé perobîá
kokoty paranã aé rame'ĩ o abaetéramo erimba'e gûekoagûera sosé yapenunga ryapugûasuramo,"e por outra parte, semelhantemente, o próprio mar será mais terrível do que é seu costume, fazendo as ondas grande estrondo",couro paranã aé nós oramos abaetê se vós gûekuerês sosé yapenunga se nós o fazemos
peîuká!,matai-o!,acordem!
abaré koîpó amõ abá pyri morerokarûera nd'e'ikatuî omendá gûemierokûera resé,os padrinhos junto ao padre ou a outra pessoa não podem casar-se com o que batizaram,agora eu sou agora eu não posso casar-me com gûemierokûery
tupãokupagûama,lugar em que estará fundada a igreja,para louvor a deus
eîmonhangukar 'ygûara,faze transformar os moradores do rio,eimonhangukar 'ygûara
tupã raîyra,filha de deus,filho de deus
"na pe apysáî, îandu","não tendes ouvidos, como de costume","não o euxe, tenha paciência"
tupã sy-porangeté,mãe de deus muito bela,para a beleza da mãe de deus
aîpokugûab,tenho-o por costume,me apanharei
"nde rera rendupa abé, anhanga ryryî okûapa","tão logo ao ouvir o teu nome, o diabo está tremendo","ao pé de tua canção abé, o riso de canção já está caindo"
nd'e'ikatuîpe abá omendá-nhemima?,não pode uma pessoa casar-se ocultamente?,não pode abá casar-se nhemima?
"oîaobok, itá-okytá resé i popûá","despiram-no, amarrando-lhe as mãos numa coluna de pedra","está-aobok, pedras-oitá resé ao pé-papo"
xe moory-katu îepé,tu me alegras muito,xe moory-katu îepé
ara pab'iré i moingobeîebyri o pyri serasóbo aûîeramanhẽne,"após acabar o mundo, fará voltar a viver , levando-os para junto de si para sempre",dia pabê-r i moingobebyrĩ serasóbo eu estariassem
ererasó nhetekatunhẽpeũî,leva-o completamente,pergunte em sua compreensão
"anheté, kó nde rapé nd'aîpotari nde ropara","verdadeiramente, eis aqui teu caminho não quero que tu te percas","anheté, esse teu caminho não te queríamos esbarrar"
moroũ-mbyry nakó,"isto era muito preto, de fato",namorambé não
eresepy-mondykype marãtekó repyramo?,fizeste chegar o pagamento como retribuição de um trabalho?,desejas ficar em pouca luz no preço da liberdade?
atuî,regurgitei,meninos
nhe'ẽ-porangu ereîapi ko'arapukuî,"atiras nele, o dia todo, as palavras mentirosas",perguntam-nos o que vocês dizem hoje
peró rekoaba,o ofício de pedro,raça peró
amõ amõ o poti'a resé opûá-pûá,alguns ficavam batendo no peito,amõ amõ o bati'a resé para cessar
ybyramo i nhemonhangyne,em terra ele se transformará,na beira de nhemonhangyne
aîoîaî,caçôo dele,eu estou
ké muru ruri obébo?,não é que o maldito veio voando?,quem é o muru ruri obébo?
"a'e asetobapé-pyténe peîpysy-katu kori, i popûá","aquele que eu beijar na face, agarrai-o, atando-lhe as mãos","eu assetobapé-pyté vocês podem ficar quixuns, seu povo"
ixé-tene îaeté,obra-prima sou eu,ixé-tene îaé
o emimomoxypûera o mũetéramo sekó kuakupa,escondendo ser sua parente verdadeira a que ele perverteu,emimomoxypûera emetê-temo kuakupa
so'o resé aîkó,estou atrás de caça,carne sob a minha boca
"otĩ kûarasy osema, nde beraba robaké","envergonha-se o sol de nascer, diante de teu brilho","queriam a febre osema, tua beraba robaké"
kanhembora,"o fugidor, o que costuma fugir, o fujão",kanhembora
emonã îé abá rekóû rãé,dizem que o homem fez assim antes,aceitá-lo para a vida abá
iî ypy suí-katupe eresendu koîpó i ku'a suí nhote?,bem desde o começo dela ouviste-a ou somente a partir do meio dela?,em seu suí-katu primeiro ouviu-se hoje seu suí nhote?
nde angaturama n'opyki,tua bondade não cessa,teu angaturama não se tace
"tekobé îandébe tupã remime'enga syka bé, te'õ îandé moaûîéû","assim que acaba a vida que deus nos dá, a morte nos derrota","a vida deve ser para a presença de deus mãe bé, para a sua raça"
a'é tenhẽ marã gûi'îabo,"dizendo algo, digo asneiras",eu vou mandar o marã-gûitu
ta pe putu'ẽngatueté irã pe îemokane'õ ré,haveis de bem recobrar o fôlego após vos cansardes,seja o mais poderoso o mais forte
kunhã rakypûemondóbo,seguindo o rastro das mulheres,moreno-moreno
"memetipó nhemongaraibypyra tekokatu abŷara abaré supé ogûasema, sorybetéûne","e ainda mais um batizado, transgressor da boa lei, encontrando um padre, alegrar-se-á muito","memetipó nhemongaraibypyrá morada abŷara abaré supé ogûasema, sorybetéûne"
"xe porangeté temomã, a'emo abá xe potari","oxalá eu esteja muito bela, para que os homens me desejem","xe porangeté temomã, aemo aba xe potari"
t'oroakypûer-eká,que eu te busque as pegadas,t'oroacypûery-eká
oîmombe'u uman karaibebé i pyky'yra pé i puru'aramo sekó,já anunciara o anjo a sua prima estar ela grávida dele,fala o homem karaibebé do filhotixo em sua limpeza sekó
so'o-kugûaba,"conhecedor de animais, bom de caça",carne-kugûaba
oîepé xe pysá pora,um só é o conteúdo de minha rede,seja qual for o seu lugar
emonã bé,da mesma maneira,aceitem-no
i mbo'a tiruãpe i xy-angaturama rekóû ababykagûere'ymamo?,mesmo dando-o à luz sua mãe bondosa estava virgem?,na sala de aula o dia-a-dia de xy-angaturama será abaixakyûry?
pitanga nhemonhanga suí oîeposanõ-sanonga,ficando a tomar poções para não se gerar uma criança,pitanga nhemonhanga suí em esposanõ-sanonga
ixé aé - eu mesmo a'e aé,ele mesmo,ixé aé
"ybaka rasapa, osó, nde reîá","atravessando o céu foi, deixando-te","ybaka rasapa, osó, tua volta"
arokûab,apresentei-o,aroquûab
o îosuí pubura pe'a potá,querendo afastar de si mesmo o transtorno,îosuí pubura o pe'a potá
asayty-monhang,eu lhe faço ninho,assayty-monhang
eru pirá t'a'une,traze peixe para que o coma,eru pirá t'oune
ogûatá îepé serã i îybá mokõîa itapygûá soarama resé?,por acaso não chegava seu segundo braço ao lugar de irem os pregos?,será que ele deve ser o único para que dois de sua família soaram resé?
îaro'a tatá pupé serokaîa,façamo-lo cair conosco no fogo para fazê-lo queimar conosco,acender fogo pupé serokaîa
xe mendasabeté resé nhõ t'aîkóne,com meu cônjuge verdadeiro somente hei de ter relações sexuais,xe mendasabeté resse nhõ t'oîaînheria
oîmosem paraíso terreal sekoaba suí,"expulsou-o do paraíso terreal, sua morada",estamos no paraíso terrestre sekoaba suí
gûixóbo asó,"""vou para ir""",gûixóbo assó
xe kõîgûera,"meu irmão gêmeo, o que nasceu juntamente comigo",seja a todos
a'uba nhote ikó 'ara'uba,"é aparência, somente, este mundo falso",a'uba nhote deitar 'ara'uba
n'aîpotare'ymi xûéne,não deixarei de o querer,não quero ser xûẽ
"te'õ rerobyka é, xe angaîpá-tubixagûera amosẽne","aproximando-me da morte, meus grandes pecados antigos farei sair","aonde quer que nós o obrigássemos, aonde quer que fosse eu o deixaria"
"tupã raûsupareté oîabekatu o apixara raûsupara bé, n'oîmoabaíbi tupã asé rekomonhangaba rupi o ekó","o que ama muito a deus, bem como o que ama a seu próximo também, não têm dificuldades em viver segundo os mandamentos de deus","raûsubareté de deus não existe ou apixara raûsubareté é, não existe deus a partir do rekomonhangaba"
ixé tekatu-eté'ĩ ra'u anhanga ratápe akaîmo mã!,"ah, eu haveria de queimar verdadeiramente no fogo do diabo!",filho da humanidade no ratanga morrerá quieto!
aîo'ok xe aoba,tirei minha roupa,eu aixo xe aba
tekoaíba oromombó,o vício atiramos fora,a moralidade nos enriquece
n'aîpotari abá seîara,não quero que os índios deixem isso,não quero abá seîara
pytunusupe émo i xóûmo,"para uma grande escuridão, na verdade, iriam",no escuro nós vamos a fundo
okeretápe se'õmbûera?,dormiu demais seu cadáver?,em que lado quer que esteja?
aûîebé-temo asó,embora eu fosse,eu vou-temo
"tatá-endy-etá, asé apekũ abŷare'yma anhõ osepîak","viram somente muitas chamas, parecidas com nossas línguas","fogo-luz-etá, assé abraço abîar-a-bebé a gente está a correr"
taûîé iîypyrunga,começando-os logo,aldeia adjacente
"nd'e'i te'e oú îandé îara renotaramo, i mombegûabo","por isso mesmo veio como precursor de nosso senhor, anunciando-o","não quer vir ao seu lado à noite renotar, está longe"
n'aîari kó sekó-angaturama,não acato essa sua boa lei,não tenha este sekó-angaturama
asaybõ,faço agouros para ele,eu faço-aço
mba'e resépe ereîur xe remiaûsukatu gûi?,"por que vieste, ó meu muito amado?",em que língua diríamos xe que ele poderia nos libertar?
tupã nhe'enga asa'ang,a palavra de deus experimentei,deus não agradeço a minha mãe
mosangygûaba gûara,a que ingere veneno,mosangûyûara
nainanĩ temiminõ o erumûana mombó,de modo nenhum os temiminós tiram seus nomes antigos,não temiminõ nós estamosûana longe
ta syapûãngatu tupã rekó i xupé,que cheire muito bem a palavra de deus a ele,ta syapûyûgûyûtu tupã supé
asatapyĩ'ok,espevitei-o,eu estou a clamar
arasó-îeaseî,levo de má vontade,eu quero berrar
i pupukyba'e,o que se masturba,o seu berço
nãmo oroapin,rapamos nesta medida,não oroapin
sekoabanhẽ nãnyme xe gûatae'ym,"de costume, eu não ando a estas horas",sekoabanhẽ nannyme xe gûatae'yr
aîpyapasamoín,ferrei-o,eu vou passar
xe îukasápe,"por ocasião de minha morte, quando me matarem",xe na boca
esa'angyne serasóbo,prova que o levas!,esse anjo serásubob
mba'easybora repîaka,ver os doentes,doenças
oîoasykûera ri îasûaramo oîoerekóbo,tratando-se uns aos outros como que numa fraternidade,estão a dormir no dia de sua casa
tupã tuba nde mbouri,deus-pai fez-te vir,tubá deuses te tiram
"aûîebeté, rõ! t'oú","muito bem, então! que venha","eu vou, vou! eu vou"
aî'atype'apá-moín,pus espertadura nela,me enrotei-me-me-me-me-me-me-me-me-me-me-me-me-me-me-me-me-me-me-me-me-me-me-me-me-me-me-me-me-me-me-me-me-me-me-me-me-me-me-me-me-me-me-me-me-me-me-me-me-me-me-me-me-me-me-me-me-me-me-me-me-me
i abaeté-katupe anhanga?,é muito medonho o diabo?,será que eu posso fazer o erro?
"paranã momungábo, ybytyra apyra sosé katu i mopu'ama","enchendo o mar, levantando-o bem acima do cume das montanhas","paranã momungábo, ybytyra apiyra sosse mas i mopugama"
"îé t'asóne xe mondoápe memeté ixé, xe py'ape, emonã tekó potá","hei de ir para onde me mandam mesmo porque eu, por vontade, assim quero fazer","ele vai andar ao mundo só para ele, só para ele, aceitem a boa gente"
ladainhas ra'angaba,o proferir das ladainhas,ra'angaba ladainhas
marã e'ipe amoaé asé îeruresaba?,como reza aquela outra petição nossa?,para que eu leve o meu ceruresaba?
xe apỹî,eu sou redondo,por vezes
nde monhegûasẽ-motá,querem afugentar-te,tua rainha-irmã
turusu-nhota'ub,é medianamente grande,turusu-nhota'ub
i xuí amõ resé omendá,casando-se com alguém que não seja ele,o meu filho mais novo casou-se
o asykûera resé nd'e'ikatuî abá omendá,com seus irmãos não pode ninguém se casar,a minha mãe não pode abá casar
a'e anhõ opakatu i potarypyra sosé,só isso está acima de tudo o que deve ser desejado,eu amo todo o seu potarypyra quieto
aîmẽ,estou,eu vou-me
nd'oîkóîpe mba'e amõ tupã 'ara monhang'e'ymebé?,não havia nada antes de deus fazer o mundo?,não haverá que fazer com que o deus 'ara monhang'eibé'?
pobandara,"o que fia , fiandeira",pobandara
pe atõîa n'oîpotari,não querem que vos toquem,o bando não quereri
mba'epe ké tuî?,que está deitado aqui?,para que o velho?
arangaturameté,dia muito bom,aranaturameté
akã-gûyra,"cabeça baixa, desânimo",cabeceira
kó nhõ anosẽ îepé moxy suí,"na verdade, somente estas retirei dos malditos",a este nhõ iangês îepé moxy suí
tekokatu resé îandé moingoara,a que nos faz viver na virtude,morada resé îandé moingoara
oîerokype asé jesus 'ereme?,inclina-se a gente sempre quando diz jesus?,está no baile a Jesus 'ereme?
sãî xe îukae'ymi tupã sy rera abaîté,apenas não me matou o terror ao nome da mãe de deus,algures sorriam pouco ao canto da mãe de deus abaite
arekorekó i mombegûabo,"contando-o, digo-o e desdigo-o",tenho o seu a distância
iîysapuku sama amõ,eram compridas algumas cordas,rasgona o meu anão
aîetu'u,estiro-me,me apodreço
opá paraibygûara,todos os habitantes do paraíba,sai paraibygûary
i angaturam ko'yré xe remiarõ îandune,serão bons doravante os que eu guardo de costume,i angaturam manhã xe espera que ele ande
xe resagûyryb,eu tive vertigem,xe resagûyryyb
oroerokûaka'ar,levamo-los uns atrás dos outros,orygûarukar
a'epe ikó 'ara pupé sepy syke'ỹme?,e no caso de não acabar sua dívida neste mundo?,eu dormi 'ara pupé sepy syke sem?
i ku'agûasu,ela é muito bojuda,o sorbeiro
taé a'e,estou na medida,taé a ele
"n'oîmogûabi o nhemoŷrõ, n'i nhyrõî","não abrandam sua raiva, não perdoam","não sorrir, não rir"
pilatos ybyrarerekoara supé i popûasaba resebé serasóû,"levaram-no, com suas ataduras, para pilatos, o governador",pilatos ybyrarerekûara supé i popûasaba resebé serasóû
aîatapy,fiz fogo,eu vou dormir
membyrasara,"parida, mulher que gerou filhos",mebryrasara
a'epe n'oerekóî pe rubixaba ma'e?,e vosso rei não tem riquezas?,eu pergunto não tem rubixaba ma'e?
tekopûera t'aîpe'a t'aîkó umẽne marani,que eu afaste o proceder antigo para que não esteja no mal,a humanidade se despedaçaria em marani
abápe opytá a'epe?,quem ficou ali?,para onde ficar em mim?
"nde morerekoar xe ri, nde pó gûyrype xe nonga","sê tu guardião de mim, sob tuas mãos colocando-me","tu morerekoar xe ri, em teu pó-apote xe nonga"
ne'ĩ t'îamongetá îandé rekasara ri,"vamos, conversemos com os que nos procuram",não te preocupes em ir embora
"t'îasó, mbegûé, îapu'ama","vamos, devagar, para fazer o assalto","sorbe, lentamente, já saiu"
osó kó 'ara pupé,vai neste dia,saiu esta 'ara pupé
a'e xe rekotebẽsaba oîme'eng ixébene,ele dará para mim minha aflição,a xe costumes são ixébene
"pene'ĩ, ta pe rory","eia, que estejais alegres","meninos, que o rory"
"xe mirĩ! xe mokõ kori, îandune","eu sou pequeno! engolir-me-á hoje, como de costume","xe mirĩ! xe dois kori, îandune"
oîepegûasu t'îaîkó,estejamos em união,haverá um pequeno lugar
ne'ĩ xe atuasar,"eia, meu aliado!",não seja atuasar
irõ oropokosub!,"portanto, prendo-te!",irmão oropokosub!
xe kanugûá,eu sou resplandecente,xe kanugûa
amyniîu-aó-poanama,roupa de algodão grossa,amynyîu-aó-poanama
nde t'ereîme'eng orébo nde membyporanga,que tu dês para nós teu belo filho,teu soberano elevará tua filha
i îara,seu senhor,na manhã
abá mba'e omimba'e,o homem que esconde algo,abá o que ele faz
"nde apûan, enhan, eîu!","apressa-te, corre, vem!","seu apûan, enhan, éu!"
marãîasûaramo temõ abaré xe 'apiramõneme xe angaîpab'e'ymebé xe re'õ mã!,"ah, que bom seria minha morte ao me batizar o padre, antes de eu pecar",no feriado abaré xe 'apiramém xe angaibapabebé xe tuî-tuî!
mba'easybora o îoesendûara supé abaré renõîe'yma,não chamando o padre para o doente que está consigo,coisa-abaré não pode ser ouvido sob o rosto
ybakype opytaba'epûera rubixaba,chefe dos que ficaram no céu,no mar ficou a rubixaba
sebira aîpetek,esbofeteei suas nádegas,sebira pequeno
ereîmborype nde rapixara 'aretéreme i porabyky-potareme?,és tolerante com teu próximo ao querer ele trabalhar nos feriados?,zombariam de seu rapixara 'por que ele seria curto-potar?
kûesé bé mba'e n'a'uî,desde ontem não como nada,quer que seja o que ele come
o emitymbûerypy pupé tupãpotá-me'engano,dar também o dízimo naquilo que plantou primeiro,emitymbûerypé tupã-meengano
esa'ang ra'u,"ora, experimenta-o",a fruta desse
xe resemõ îepé itaîuba,"sobra-me dinheiro, certamente",xe reîem ele mesmo quenibe
"aûîeté, kó anga andupa, aseîá kûesé xe roka","certamente, eis que percebendo isso, deixei ontem minha casa","diabo, este robô está morto, eu aixo o quesse xe roca"
nde serã i poepyka îomomorangaíba ereîapi ko'arapukuî,"tu, talvez para retribuir, atiras nele sempre as carícias desonestas",seu berço te amorabeleça hoje à tarde
xe rosang-esemõ,eu tenho sofrimento de sobra,xe rosang-esemõ
yby opá ybytinga ybaka suí o'aryba'e i aso'iûne,todas as nuvens que caem do céu cobrirão a terra,"chuva cai, ybytinga ybaka suí chorará em seu asoyûne"
sosang poresé,sofre pela gente,sosang poresé
tupã remimotara rupi xe moingóbo,pondo-me segundo a vontade de deus,por causa do remimotara de deus xe moingob
"a'e ré, moxy rekóû pysaîé okybỹîa asá-asapa","depois disso, os malvados estão, a altas horas, atravessando o interior das ocas",a gente sabe que a vida da moxy fica escura a noite toda
teumẽ teké serasóbo nhandu ruã,guarda-te de o levares,mato sob serasóbo nhandu ruã
yby-'ama,terra levantada,îby-'ama
setobapé sosoka,esbofeteando suas faces,setobapé sosoka
t'asabeypóne 'ara mokanhema,hei de me embebedar para perder o juízo,passariam 'ara amobanhema
urupẽ-mokanga,peneira rala,urupẽ-mokanga
na tenhẽ ruã,não foi à toa,não teînhamos
t'aîkó nde irũ,que eu esteja contigo,que se separe o teu amigo
aembé-korõîa,fio embotado,eu vou-corõ-corõ
xe resaarũaíb,eu sou travessa,xe resalaruab
xe kunumĩ-era,"meu nome de meninice, meu nome de infância",xe kunumĩ-era
te'õ abé reîkéû ikó 'ara poramo oîá,"da mesma forma, como componente deste mundo, a morte também entrou",que todos vocês possam dormir 'porã-tão-será'
"ixé aé ã, a'é umã n'akó peẽmo","eis que sou eu mesmo, já vos disse isso","é aí, eu sou para não comer a vós"
o kera pupé o pupukûera morypa,deleitando-se com sua polução em seu sono,o kera pupé o pupukûera morypa
"ybytu îabé osunung, i abaeté suí osyîa","zune como o vento, tremendo por causa de sua bravura","ibytu îabé osunung, o abaeté suí osyîa"
oroîoerokûab,"fizemo-nos passar uns aos outros, passamos uns com os outros",orîoyerokûab
taba raroanamo nhẽ îandé îara xe moingóû,nosso senhor constituiu-me guardião da aldeia,taba raroanamo nhẽ îandé îara xe moingó
setá nhẽ kunu'umusu,"é muito, com efeito, o grande zelo",setá nhẽ kunumusu
anhẽ ruãp'anhẽ,"mas, de verdade",sorvete-açub
"okuî rakó amũme 'ybarambûera o 'yba suí 'ybotyramo oîkóbo bé, amõ rakó ogûakyra pupé i kuî, amõ rakó ogûaîub'iré i kuî","caem às vezes os frutos de suas árvores sendo ainda flores, outras vezes em seu estado verde, outras vezes caem após madurarem","chuvia rakó em 'ybarambûera' ou 'yba suí' se quisesse haver bé, rakó enxugasse o pupé e a sua gûaibé, rakó enxugasse o gûaibé"
oroîoysyrung,enfileiramo-nos,orîoyysyrung
nhau'umoka,casa de barro,nhau'umoka
pirá mondóbo pá,levando os peixes todos,pirá roubo pá
aîmoaob pedro,faço pedro ter roupa,amoab pedro
xe repy-mokonhõ'ĩ,eu tenho um preço baixinho,xe-mokonhõin
xe mbouk xe remi'u,dá-me ânsia de vômito minha comida,xe mbouk xe remi'u
okarype,"fora, na rua",em choro
abaré nhe'engerekoara,o tradutor do padre,abaré não tem a morada
oîakatu nhote okagûabo-eté,bebendo cauim só o suficiente,porque vocês são tão-só para lhe agûdir
té osyka,enfim chegou,té se põe
i kangûera reŷnhanga ybytygûaîa îosaphat 'îápe,reunindo seus ossos no chamado vale de josafat,kangûera irynhãnhanga está no îosaphat
aûîé! xe îuká îepé!,basta! tu me matas!,eu vou! eu vou vou!
"aîybõ mbá, i pysyka, i apytĩamo","flechei todos eles, capturando-os, amarrando-os",eu estou xeitado
oîeperemõndûara,"o que é sem mistura, puro, de uma só espécie",está em sua casa
marã-pipó?,1) quê? que dizes?,amêndoas?
"moxy oînupã, i monhana","castiga o maldito, fazendo-o correr","moxy oînupã, seu monhana"
îandé maranirũ,nossa companheira de guerras,seu namorado
nãneme amẽ anhanga îeîukaibetéû moroesé,"sendo assim, de costume, o diabo fica muito insistente pela gente",não deixe que o anhanga tenha moroses soros
"xe îar, na xe angaturami ã a'emo ereîké xe py'ape","meu senhor, eis que eu não sou digno para que entres em meu coração","xe îyr, não xe angaturami a xe xe o coração eu digo"
kunhãmuku taba pora,as moças habitantes das aldeias,amêndoas taba pora
kobé aîkó,aqui estou eu,kobé eu estava
"missa mondykápe épe ereîké îepi, nde îesûere'yîpe?","é no final da missa que entras sempre, manifestamente consciente?","missa em voltinho pode lhe dizer isso mesmo, ao seu sermão?"
peẽ aé-te peîeapirõ,mas chorai por vós mesmas,vós só sois se vos juntardes
eîpotar umẽ nde resé o îepykápe anhanga ratápe nde reîtyka,não queiras que te lance no inferno para se vingar de ti,queira que o teu rosto esteja no colo no rosto da anhanga tu te esbuçares
aîopyîopyk,fiquei-o oprimindo,me aconcheguei
apŷabusu,homem maduro na idade e no juízo,abuso
"a'e îá bépe gûá i py rerekóû, itapygûá pupé i moîáno?","assim também fizeram com seus pés, pregando-os com cravos?","pergunto se ele tem os pés sob o pé, a perna sob o pé dos cegos?"
"oky-ko'ẽ-ko'ẽ amana, paranã momungábo","a chuva ficava amanhecendo a cair, enchendo o mar","chuva-abur-abur, paranã momungábo"
são joão batista o i'yra pé onhemoîasuk-ukar'iré,"após fazer a são joão batista, seu primo, batizá-lo",são joão batista ou seu filho para o ato de assusugurar
typy'a-ku'i,"farinha de tipiaca, isto é, feita da mandioca crua coalhada em suspensão na água",amoroço
"ikó 'ara pupé abiã tupã remimonhangûera i porãngatu, memetipó ebapó ybakypy","se o que deus fez neste mundo é muito belo, quanto mais lá, o céu primeiro","dormi 'ara pupé abiã a rainha de deus seu belo, memetipó ebapó ybakypy"
xe ru'um,eu estou enlameado,xe ru'um
aîpó nhõ-pipó nde rera?,"esse somente é, de fato, teu nome?",possuo pipó-nhõ em teu pé?
aîmoîar ygara,encalhei a canoa,eu ponho fogo
miapé-mirĩ,bolinho de pão,meu menino
mba'e-eté ka'ugûasu,coisa muito boa é uma grande bebedeira,meio-bosque
o a'yra marãbirĩ sekóreme senonhene'yma,não corrigindo seu filho quando ele estiver no mal,eu tenho filhos o que eu quero
i 'ara renondesaba 'ara îekuakupaba,o período anterior ao dia dele é dia em que se jejua,'ara renondesaba' 'ara îekuakupaba
"îudeos ekomonhangábo, i 'apira mondoki","segundo o rito dos judeus, seu prepúcio cortaram","îudeos ekomonhangábo, sua 'apira mondoki"
kobé aîkó nde ra'yrangaîpabĩnamo,eis que aqui estou como teu filho pecador,kobé estaria eu no teu filhotiara
aîmorã-moran,fiquei-o simulando,moran-morã
abá-poreaûsubĩ,homem miserável,aba-poreaûsub
anhonen,moderei-os,anhonen
"setá, sesé oîopuru-purûabo o kane'õ-ne'õnamo","eram muitos, para se revezarem uns aos outros nisso, ficando cansados","setá, sesé está em estado de abastecimento"
eporopotar umẽ,não desejes gente,use a boca
xe ro'o-piring,tenho a carne arrepiada,xe roxo-piring
pirûera,"pele esfolada, fora da carne",pirûera
kamusi pora,o que está no pote,kamusi pora
arobebéne,fá-los-ei voar comigo,eu sobraria
asa'embé,torrei-o,eu espero
aîuru-sambok,"desatei a boca dele , desencabrestei-o",aîuru-sambok
aitá-mombipik,lavrei a pedra,ai-mombîpique
anhanga sumarã,inimiga do diabo,na boca de sumanga
kó aîkó sygepûera t'arasó i nhy'ãbebuîa abé xe raîxó-gûaîbĩ supé,aqui estou para levar seu ventre e também seus pulmões para minha sogra velha,a minha irmã tinha ir ao pé a minha avó xe raîxó-gûybyîa supé
xe remipoîmembeka,o molengão que convido,xe reîpoîmeembeka
soby,ele é azul,soby
xe araakasyk,eu sou garrido,xe araakasyk
îase'o rakó perekó peẽmo teîkeara moetesabamo,"estai com pranto, como modo de honrar o que entra para junto de vós",desejo rakó para vós todos os dias moetesab
são lourenço pytybõana,ajudante de são lourenço,são lourenço pytybõana
i marangatu supi é i mombe'upyra rekóreme é,ele é bom quando o que é contado é mesmo verdade,seu santo supi é seu conto se fosse o filho
"orébe t'oré mondyki, nde irũmo t'oroîkobé",que ela nos destrua para que vivamos contigo,"t'oré mondyki, teu companheiro t'oré"
mba'e-poxy resé oporomboryba'e,o que tolera as pessoas em coisas más,coisa-poxy resé tornou divertido
xe îara robaîxûare'yma,não indo ao encontro de meu senhor,xe îara îbîakûarybyî
t'oîesub amõ ixébo ranhẽ,"há de se me deparar algum, primeiro",t'oysub ao ixébo ranhẽ
nhe'ẽ-tekokugûabe'yma,palavras desatinadas,nós não-nos-temoîagûabeîy
aîur ybaka suí pe rokybỹîa rupi,vim do céu pelo interior de vossas ocas,aîur ybaka suí pela roquinha
xe py-piru'a,eu tenho pés calejados,xe-pirûa
xe taŷgaíb,eu sou terrível,xe taŷgaíb
momosapysara,terceiro,mosapibana
yby opá ybytinga ybaka suí o'aryba'e i aso'iûne,"a terra, todas as nuvens que caem do céu cobri-la-ão","chuva cai, ybytinga ybaka suí chorará em seu asoyûne"
"t'i nhyrõngatu kori îandébo, pindá me'enga","que eles bem perdoem hoje a nós, dando anzóis","t'i nhyrõngatu kori îandébo, pindá-me'enga"
"anhanga nde moabaîté, nde suí osykyîébo","o diabo te agasta, de ti tendo medo","anhanga te moabaîté, teu suí saiu"
sesapysó a'upe é tupã xe repîaka?,acaso deus tem vista aguda para me ver?,sesapysẽ-te-põe o deus xe xe?
aîpomogûab,escapuli das mãos dele,eu amoagûabo
"îandé moingobé, te'õ porarábo","fez-nos viver, sofrendo a morte","seja aí, seja ali"
"opor-oporĩ, îesu o îarĩ kuapa aûnhenhẽ","ficou saltando, reconhecendo imediatamente jesus, seu senhorzinho","opor-okery, îesu o îarĩ kuapa aûnhenhẽ"
xe py-syryk,meus pés escorregaram,xe pi-syryk
aîké nhãîmbiara pupé,entrei nos caminhos de fontes,tenho nhãããmbĩrba pupé
"t'oú taûîé xe rarõana xe pysyrõmo i xuí, i momarana!","que venha logo o que me guarda para me livrar dele, combatendo-o","vem aldeia xe rarõana xe rarõmo xuí, mamarana!"
aîesybasab,benzi-me a testa,aîesybasab
"ybaka aé tupã îandé resé i nhemosako'îaba, îandé mba'ekaturama nongatûaba re'a","o próprio céu é o que deus prepara para nós, lugar em que bem coloca nossa felicidade futura","ybaka aé deus îandé resé i nhemosybagûa, îandé queaturama não tinha que ser remosybagûa"
typy,fundura dele,tipo
xe titing,eu tenho impigem,xe titing
ererekó-memûãpe nde sabeypora?,portaste-te mal com tua embriaguez?,tem na sua sabeypora?
marã e'ipe îandé îara og obá petekarûera supé?,como disse nosso senhor para o que esbofeteou seu rosto?,será que iremos embora a noite para obá-petekarûera supé?
"aûnhenhẽ 'y sugûy abé i xuí i 'emi, osyryka","imediatamente, água e sangue dele vazaram, escorrendo","aûnhenhẽ 'y sugûy abé i xuí i 'emi, fugiu"
"o koty suí mba'epoxy reîtyk'iré, abá nd'ogûeroîebyri o kotype, i mosãîa","após lançar fora de seu meio os vícios, o homem não os faz voltar consigo para seu meio, dispersando-os","quarto suí maepóxy se encobrir, abá não quer dormir no quarto, está velho"
t'îasó sapépe sobaîtĩamo,vamos em seu caminho para encontrá-lo,sobasão no sofá
anosem mba'e ygara suí,descarreguei as coisas da canoa,anosem coisas de yygara suí
n'aîkuabi ixébo tupã nhyrõagûera,não sabia do perdão de deus a mim,não pode haver ixébo deusa nhyragûera
oporoîrarõ mbá,irritam completamente as pessoas,quando ele faz o seu canto
"i amotare'ymetébo, perekoaí-aí","detestando-os muito, tratai-los muito mal","eu tenho que pescar, fazer isso"
okerĩ o moupápe,dormita no lugar onde o puseram deitado,cesaba-pobem
"mba'easybora o mara'ara kakareme t'osenõîukar abaré, îandykaraíba nongara","ao se aproximar o doente de sua agonia, que mande chamar o padre, o que põe o óleo bento","coisaisybora mara'ara karõõõõõõõukar abaré, îandykaraíba nongara"
ereîkapyrokype nde ra'y-pupuka potá?,"excitaste-o, querendo ejacular teu sêmen?",diria a quem dança seu filho sorriso-de-aí?
ekûãî moxy mbo'a îandé îusana pupé!,vai para fazer cair os malditos em nosso laço!,para que a moxy ensine sua pupé!
ikoba'e-te,este outro,só fica
xe ruba rupi é xe angaîpabamo,eu sou pecador como meu pai,xe ruba é xe angaîpabamo
opabenhẽ gûá sóû îebyîebybo,todos vão em procissão,a todos que só tenham o seu desejo
n'apûéî,não é longe,não trabalhe
ikatu bé abá omendá amoaé abaré robaké abaré ogûerekoara remimotara rupi,"podem também as pessoas casar-se diante de um outro padre, de acordo com a vontade do padre responsável por elas",pode ser que abá se case em abaré trabalho abaré tenha se suspendido por remimotara
oroîobaîar,enfrentamo-nos,orîobaîar
"opá og ugûy me'engi, omanomõ","todo seu sangue deu, morrendo","o pé bebe o meuẽ, bebe"
aîpyeî,lavo-a,eu estou a andar
"nd'e'i te'e oîoepîaka'upa, o karukasyramo","por isso mesmo, tendo saudades um do outro, ficam tristes","não diz ser-se-possível, karukasyrõ"
na xe rekopoxyî xûé angiréne,não serei pecador doravante,não xe o enxupé xûé angiréne
okusu,"casarão, casa grande",está ferindo
"xe îara îesu cristo rugûy-eté, nde erimba'e morepyramo ereîemo'ẽukar cruz pupé","sangue verdadeiro de meu senhor jesus cristo, tu, outrora, como resgate, fizeste derramar-te na cruz","xe îara îesu cristo rugûy-eté, seu marido morapé teria cantado cruz pupé"
"gûyrá-sapukaîa îabé ereîetu'u nde atõî nhote abá, aûnhenhẽ eresó nde rokápe enhe'engá, nde rapopé moboka i xupé","como um galo te deitas somente te toca alguém, imediatamente vais para o teu terreiro para cantar, teu esporão arrebentando contra ele","gûyrá-sapumysêa îabé irão dificultar o seu arobîto abá, irão ir à sua porta irão irobîar, seu rabopé moboka i xupé"
sapi'a'ỹî'okypyra,castrado,sapiakyrybîyr
i porãngatu sekó,é muito belo seu proceder,sua beleza é só
nã takó îomomoranga re'a!,assim havemos de nos acariciar!,não para de te adorar!
oîuká,mata,estarem
i îukapyrûere'yma,o que não foi morto,sua raíba
gûaîbĩ moesãîa mbá,alegrando todas as velhas,morosão de um bocado
a'epe xe só îaramẽ,como se eu fosse lá,a digo xe só para estudar
aybyrá-monhang,fiz uma cerca de moirões,aybyrá-monhang
yba i peb,os cabos são achatados,aíba seu pé-b
xe akangaíb,eu tenho cabelo crespo,xe akangaíb
anheté pesepîak irã tupã tuba 'ekatûaba koty xe gûapyka xe renane,"na verdade, ver-me-ás futuramente estar sentado ao lado da mão direita de deus-pai",anheté pesepîak irã deusa tuba 'ekatûaba quarto xe gûapyka xe renane
aîmomara'ar,faço-o doente,me enxuguei
oîeí bé muru kaî,hoje mesmo os malditos queimam,está bem muru kaî
kapi'ĩ-pururuka,"capim que fica estalando, junco",amêndoa-pururuka
mba'e-tepe?,não é mesmo?,para quê?
akanunduka porarasara,o que sofre febre,akanunduka porarasara
asé 'anga motuîukukare'yma,para não fazer enlamear a alma da gente,assé 'anga motuîukareyûy'yû
"endé, nde îybápe, îesu eresupi","tu, em teus braços, jesus ergueste","îende, tua îybyápe, îesu te sobe"
o'u-eté-eté ahẽ mba'e,ele comeu demais aquela coisa,come-quer-ser que vou comer alguma coisa
xe resaraî é gûitekóbo,eu estava-me esquecendo mesmo,xe-relâmpago é gûitekóbo
marangatupe asé rekóû tupãokype oîkŷabo?,"como a gente se porta, entrando na igreja?",santos são a vida dos deuses abominável?
tupã boîáramo nhõ oîkó-potá,querendo ser servo de deus somente,se o deus fosse nhõ ele estaria-potável
asysyrung,enfileirei-o,assyrung
kori i îukáû,hoje o matou,kori seu îugûeî
akanga îepotasaba,as juntas da cabeça,akanga îepotasaba
xe kerá-kerar,eu estou caindo de sono,xe kerá-kerar
akûere'õ xe rekóû rimba'e re'ĩ,que mal eu agi outrora,cabeceira xe cabeceira
abur,inchei,abur
ndaeroîaî o ekoangaîpagûera repyme'engagûama resé o putupabamo,nem por isso se importa com o resgate de seus antigos pecados,não haverá o que pagar por resé ou putupab
asé 'anga ky'a reîme,por lavar a sujeira de nossa alma,assé na tua boca-cebola
"xe-te, nde repîaka'upa, oroamotá-katu","mas eu, tendo saudades de ti, quero-te muito bem","xe-te, teu soberano, oroamotá-katu"
xe nhe'ẽ-mby'i,eu falo demais,xe nhe-nyînyî
aîmoapapub,convenço-o,eu tenho papapub
paranã pora,o que está no mar,paranã-apá
okena motakaba,fecho da porta,chuva motakaba
inimbó'i,linha delgada para coser,inimbó
-emonãnamope asé îeruréû santos-etá supé? -emonãnamo,-por isso nós rezamos aos santos? por isso,-não será que eu peço santos-etá supé?
se'yî i kuabypyre'yma tupã i monhangara remingûaba nhõ,"são muitos os não conhecidos que deus somente, o criador deles, conhece",seyî o kuabypyykya deus o monhangara remingûaba nhõ
sãî na xe momanõî,apenas não me fez morrer,algures não xe miminõî
îandé porabykysaba robasakatûagûama resé bé,para a benção também do nosso trabalho,que porabykysaba seja o que fizer
"îandé 'apytera 'arybo 'ara rume, xe ruri","quando o sol estava no alto de nossas cabeças, eu vim","îandé 'apytera 'arybo 'ara rumé, xe ruri"
erasó esapy'a,leva-o depressa,erasó esapyã
tekorama mombegûabo,anunciando os acontecimentos futuros,vida remota
xe rybykasy,eu tenho diarréia,xe rybykasy
marãete'ĩ-pipó peẽmo?,como vos parece?,são vocês tão abertos?
oîaby-etépe omendaryba'e tupã nhe'enga o îosuí omondarõmo?,"transgridem muito a palavra de deus os que se casam, traindo-se um ao outro?",em que bebê casou o deus nemẽenga ou foi-lhe o encerrado?
aîabyky,manuseio-o,me abaixo
xe katupe ká,eu hei de ser bom,xe cape
marãpe gûarinĩetá i pysykara serekóû a'ereme?,"como os soldados que o agarravam trataram-no, então?",em que ano será que eu vou ficar sem a boca?
ybyku'i-tinga gûyri,sob a areia branca,joelhos-tinga
ang é!,isto de novo!,é que eu sou!
iî abaeteba'e,o que é temido,alguns ababatos
tupã anhõ anhanga sykyîabamo t'oîkó,deus somente seja a causa de temor ao diabo,rainha de deus anhanga rasgando
aîkomemûã,sou desprezível,eu vou-me alimentar
xe ro'o-sysyî,eu tenho a carne trêmula,xe ro-semborinho
aîopoî ahẽ so'o pupé,reparti com ele a carne,levanto-me a carne pupé
xe rubĩ,meu paizinho,xe ruby
xe pinĩ-pinim,eu sou todo manchado,xe pinĩ-pinim
"anheté, kó nde rapé, a'e nde remiekara","verdadeiramente, eis aqui teu caminho, o que tu procuras","anheté, este teu caminho, eu teu pesquisador"
nhe'engasy,palavra ruim,estamos doentes
são lourenço-angaturama osarõ nhẽ pe retama,o bondoso são lourenço guarda vossa terra,são lourenço-angaturama espera por dentro da retama
t'aroŷrõngatu anhanga,que deteste muito o diabo,que não tenha medo de anhanga
aîmoîekûer,convenci-o a ir,ficar em pé
anhanga îandé pysyki,o diabo nos capturou,anhanga îandé pysyki
tatá îaîmondyk,acendemos o fogo,fogo-îaîndyk
xe rekombegûé,eu sou molengão,andar de xe
t'oré angaturãne cristo remienõîûera resé,para que sejamos dignos do que cristo prometeu,t'oré angaturãne cristo renascimento resé
morepenhandara,o que socorre gente,morpenhandara
xe robaké aîpó i 'éû,na minha frente ele disse isso,xe robaké eu tenho o dia
ayapyĩ,dei um tombo,eu estou a encosar
xe moobaybaka,fazendo-me erguer o rosto,xe moobaybaka
oîposanongype îandé îara a'e i nambimondokypyra?,curou nosso senhor aquela sua orelha arrancada?,será que alguém quer que eu tenha o meu nome no dia seguinte?
aîemĩngatu kó gûitupa,escondo-me bem estando deitado aqui,possuo esta pedra
"kaûĩ biãaûîé, îandé îara îesu cristo nhe'engûera abaré sa'angireme, sugûyramo nhẽ sekóû","embora seja vinho, tão logo pronuncie o padre as palavras de nosso senhor jesus cristo, é seu sangue, na verdade","meio-março, îandé îara îesu cristo não se sabe onde está o santo, sugûyrê nhẽ sekûûẽ"
i mongetá-potare'yma,não querendo conversar com ele,o filhote-monete
abá mba'ekatu moasy,invejar as coisas boas de alguém,abá o que tem que sofrer
mba'easybora moîerobîaruká,fazendo o doente ter esperança,doenças moribundas
xe apu'a,eu sou redondo,xe-apim
sepyrama xe pûaîtaba,sua remissão foi meu encargo,sepyrama xe pûaîtyba
xe moapysyk îepé,conforta-me tu,seja moapysyk îepé
ereîeapyk kûepe kunhã amõ supé nde rakûãîekyîa?,"sentaste-te por aí diante dalguma mulher, puxando teu pênis?",diria-lhe-lhe um bocado no seu couro amanhã sob o seu sobranhã?
se'yî i kuabypyre'yma,são numerosos os que não são conhecidos,seyî o seu lado-aíb
"ogûemimbo'e pyri o karuápe, miapé o pópe gûemiîara i moîebyû","ao comer junto dos seus discípulos, o pão que apanhou em suas mãos devolveu-o","alunos andam a pé em casa, o meu em mãos o tempo que são bebês"
a'ekatu sepîaka,posso vê-lo,a xeugurar
anhenonhẽpe ko'yté ká,"hei de me corrigir, enfim",a eninhemo de manhã
asó okype,vou para a casa,assó sob a chuva
"manhana, sygûaraîy - n'aîpotari abá seîara","alcovitice, prostituição - não quero que ninguém as deixe","manhana, sygûaraîy - não quero aba noite"
mba'epe aûîeramanhẽ serekopyrama ikó 'ara pupé?,que é o que será mantido para sempre neste mundo?,para que tenho serekopyrama dormir 'ara pupé?
nde resá-poropotápe amõ resé ema'ẽmo?,"tu tens olhos concupiscentes, olhando para alguém?",em seus olhos-após onde eu vou olhar?
"moraseîa é i katu, îegûaka, îemoúna","a dança é que é boa, enfeitar-se, pintar-se de preto","morasara é a ele, porém, sorri, sorri"
"marãpe sepîaki, setee'ymba'eramo sekó e'ymeté?",como o viu se ele não tem corpo?,"em marã sepîaki, se o seu peixe tem que ser seco?"
oîporarápe mba'e amõ a'epe oîkóbone?,sofrerão algo estando ali?,será que ele quer saber o que eu tenho em meu corpo?
pitangĩnamo ereîkó,és uma criancinha,seria engraçado dizer
aî'useîmogûab,fartei-me de comê-lo,eu teria gostado
"ereîarype abá mba'e, nde rapixara mondarõagûera koîpó semimima?","tomaste as coisas de alguém, o objeto do furto de teu próximo ou o que ele esconde?","diria alguma coisa, seu rapixara roubaria hoje semiminhos?"
asetymã-maman,lacei a perna dele,amizade-amanha
anhẽp'anhẽ,"mas, de verdade",olho-olhando
a'e anhẽ mosapyr pessoaamo i îa'oki,"eles, na verdade, em três pessoas se distinguem",a enxuguei mosapyr pessoa'ao seu aleixo
"kó xe 'akusu, xe ranha îé, kó bé xe pûapẽ","eis aqui meus chifrões, meus dentes sim, eis aqui também minhas garras","que é o meu, que ranha é, que é o meu"
i pytun xe roka,minha casa está escura,roca xe-tuntun
marã-tepene?,"e pois, como há de ser?",tepenes?
t'a'u kori i îybapûera,hei de comer hoje seus braços,come kori ao longo do pescado
"xe, anhangusu-mixyra, gûaîxará seryba'e, kûepe i moerapûanymbyra","eu, o diabão assado, o que tem nome guaixará, o que é afamado por aí","xe, anhangusu-mixyra, gûaîxará serybae, sob o cubo são obreiros"
ebapó ta peîkó pe îebyragûama resé ixé nde momorandube'yma pukuî,ali ficai enquanto eu não vos informar acerca de vossa futura volta,seja o seu seragûnam resé esse seu longo enciclopé
nd'o'iripe amõnyme asé 'anga suí?,não se separa algumas vezes da alma da gente?,não está em nossa casa a 'anga suí?
i 'ã i 'ang xe retãme xe rekoagûera ixébo,vem-me à memória minha vida passada em minha terra,para o xe-ang no país xe-agûera ixébo
marãpe îandé îara i mombûerabi?,como nosso senhor a cura?,em que maré ele quer a noite no seu leito?
xe ytarõ pirá,farta-me o peixe,xe amanhã para
kunhã-angaturama ababykagûere'yma,"mulher bondosa, uma virgem",khã-angaturama ababakagûyî-yû
i abaîté xe rembiasaba,é terrível minha captura,eu vou para xebiasaba
eporapiti umẽ,não assassines gente,aporepiti-lhe
t'oroîopytybõne oré poromonhangagûera mongakuapa,havemos de nos ajudar um ao outro para criarmos nossos filhos,t'orousypoby rerosomonhangagûera mongakapa
nainanĩ temiminõ o erumûana mombó,de modo algum os temiminós tiram seus nomes antigos,não temiminõ nós estamosûana longe
"eresabeyporype kaûĩ suí, 'ara mokanhema?","ficaste bêbado de cauim, perdendo o juízo?","obedecer-vos-ão o suí de floresta, 'ara os dois?"
aka'amondó,caço,me escondei
a'e suí turi oîkobeba'e omanõba'epûera pabẽ rekomonhangane,daí virá para julgar todos os que vivem e os que morreram,aé suí turi estábebebebebebé moribunda pabẽ rekomonhangane
nde remo'emype nde rapixara resé i moerapûanaípa?,"tu mentiste acerca de teu próximo, difamando-o?",tu queres saber se o teu rapixara é o seu obreiro?
t'îasaûsu pabẽ santa maria,amemos todos santa maria,pá-asaûsu santa maria
"temone ko'yr anhanga ratá pora, abá amõ opu'ama iké îandé re'yîpemo","oxalá agora alguma pessoa, habitante do fogo do inferno, levantasse aqui na nossa multidão","temone manhã anhanga ratá pora, aba já se levantou o seu lado"
kobé xe îurupara,eis aqui meu arco,kobé xe îurupara
n'omoetéî o monhangara,não honram seu criador,não quer ser o monhangara
a'é byter i monhanga,ainda o faço,sou byter i monhanga
ybakype îandé sorama monhanga,fazendo-nos ir para o céu,no mar îandé sorama monhanga
aka'agûyrok,roço a mata,me aconchegurok
i 'ekatûaba kotysaba é,o que estava à sua direita,o 'ekatûaba kotysaba é
tupã ta'yra o sy suí i 'ar'iré îudeus i 'apira mondoki,"após nascer deus-filho de sua mãe, os judeus cortaram seu prepúcio",filho de deus o seu pai o seu pai îudeus o seu pai o seu pai o seu pai o seu pai o seu filho são suí
moîasukaba,"tempo, lugar, modo, etc de se lavar, de se batizar",morasukasuba
pe'ĩ ko'yr sarûaba mombegûabo rõ,"eia, agora, contai, pois, os impedimentos dele",estejam de manhã em pé no campo
xe nhearõ,eu sou risonho,espero muito
aanumẽne! asabeypó,não! estou bêbado,anumẽne! asabébo
mobype erenhemombe'u koîpó eretupãar?,quantas vezes te confessaste ou comungaste?,a moby vos falavam hoje para a vossa educação?
"mokõnhõ kó taba pupé sekóû, oîepysyrõ okupa","poucos nesta aldeia moram, estando a salvar-se","ambas as taba pupé são secos, há-de-ser ocupadas"
i mombe'ukatupyramo ereîkó kunhã suí,bendita és tu entre as mulheres,se o seu conto fosse final iteriam dizer 'hã suí'
ereîepoeîtykype kunhã amõ supé?,acenaste com a mão para alguma mulher?,dirá em pouquinho de manhã ou supé?
aî'apixyb,afago-lhe a cabeça,eu tenho pixab
"são matias, ybakype tupã ta'yra îeupir'iré, s pedro o irũ-etá resebé tari apóstoloramo","são pedro, com seus companheiros, tomou como apóstolo a são matias, após subir deus-filho ao céu","são matias, paraibano filho de deus ao seu encontro, s pedro o amigo resebé tari apóstolo"
xe rapupa'ũusu,"dou passos largos, dou grandes passos",xe-apanhoso
xe só îasûaramo n'aé,como se eu fosse,xe só ao nascer não tenho
abá supépe asé îeruréû?,para quem a gente reza?,abá supé eu pergunto?
"kó xe 'anga, nde rusaba, nde rupabamo t'oîkó","eis que minha alma, lugar de tua vinda, há de estar como teu leito","eis 'anga, tua rusaba, tua cama t'oîoîo"
xe îetu'u ra'yrûera anhemonhang i pupé,eu sou antigo filho de jetuú criei-me dentro dela,xe îé difícil o filhote anhemonhang seu pupé
aîaparok,endireitei-o,eu estou a berrar
naînanĩ temiminõ o erumûana mombó,de modo nenhum os temiminós tiram seus nomes antigos,não irũnõ temiminõ o eriminûana longe
oré pysyrõ îepé oré amotare'ymbara suí,livra-nos tu dos que nos querem mal,a gente iria a gente iria a gente a gente iria a gente a gente a gente a gente a gente a gente a gente a gente a gente a gente a gente a gente a gente a gente a gente a gente a gente a gente a gente a gente a gente a gente a gente a gente a gente a gente a gente a gente a gente a gente a gente a gente a gente a gente a gente a gente a gente a gente a gente a gente a gente a gente a gente a gente a gente a gente a gente a gente a gente a gente a gente a gente a gente a gente a gente a gente a gente a
oîmoasype a'e riré a'e 'ybá 'uagûera?,"arrependeu-se, depois disso, de ter comido aquele fruto?",será que ele estava triste para eu lhe dizer 'ybá 'uagûera?
kunhã-angaturama abá bykagûere'yma,"mulher bondosa, não tocada por homem",kunhã-angaturama aba bykagûery
ixé anhotenhẽ,"eu, tão somente",ixé a enxugûar
asóp'ixéne é?,"hei de ir, de fato?",eu vou-te matar?
na xe mopy'atytyki anhanga xe rapekóbo,"não me faz palpitar o coração o diabo, visitando-me",na xe mopyanyytyki anhanga xe
anhurĩ,"estreitado em forma de pescoço, isto é, com estreitamento entre duas partes bojudas",eu vou ouvir
xe rembyrûer,eu sobrei,ação xe
u'ubae'ẽ eíra,melado ou mel de cana-de-açúcar,orbeîá-eîra
"îapopûaratã, i moangaîpapa","amarram-lhe as mãos fortemente, fazendo-lhe mal",o seu mestre
a'epe a'e kunhã n'onherani i momarana?,"e aquelas mulheres não resistem, combatendo-os?",digo-lhe que o amanhã não herani o mamarana?
morubixá-mosakara,chefes valentes,morubixá-mosakara
xe ipó xe rekar peîepé,a mim certamente é que vós procurais,xe xe xe xe xe procuro vós só
"ybaté koty ogûetymã moîarukari,'yba koty o akanga","para cima suas pernas mandou pregar e, para baixo, sua cabeça","quarto fica paraibano moradores, quarto fica fechado"
n'asendubi nde nhe'enga,não ouço tuas palavras,não ouça o teu berço
gûarará mopusara,"o que toca o tambor, o tamborileiro",gûrará mopusara
abá-poromborybe'yma,homem intolerante,aba-porrobinha
eregûatápe nhãîmbiara rupi kunhã resé?,andaste pelos caminhos de fontes com mulheres?,pergunteis por meio da nhãmbyrbia o que são as manhãs?
n'osaûsubaripe tupã amõ abá îeapykaba'erama resé?,não se compadeceu deus de alguém por causa dos que descenderiam ?,n'osaûsubaripe deus onde já estava o senhor?
"a'epe o agûasá resé segûyrõba'e, marã?","e o que tem excitação por sua amante, que acontece?","perguntei se ele gostaria de vos contar em segurança, não é?"
ikoba'e resé tekoara oîaby-eté tekó,os que vivem para isso transgridem muito a lei,se sabe que o tempo é muito comum para o homem
"peîori, xe irũ-etá","vinde, meus companheiros","vós, xe-mezinhos"
aîmo'ypiting,turvei sua água,estarei apinhando
a'epe abaré hóstia pese'õ-etá-etáreme i pese'õmbûera îabi'õ îandé îara îesu cristo rekóû?,"e ao partir muitas vezes o padre a hóstia em pedaços, em cada pedaço dela nosso senhor jesus cristo está?","perguntei-lhe ainda sua hospedagem se fosse o peso de sua casa, se fosse o peso de sua casa, se fosse o diabo de sua noite com îesu cristo?"
ereîmombukápe abá mba'e?,desperdiçaste as coisas de alguém?,em que lugar disseram alguma coisa?
se'õagûera resépe tupã tuba nhyrõngaturamo asébo?,por sua morte deus-pai bem perdoa a nós?,será que o tuba do deus não se enxugûar em seu rosto?
marãpe ybŷá serekóû i mondyka potá?,"que fizeram, querendo aproximá-los?",em que mar sob a serra do seu robô-teto?
"pé ku'ape, kunumĩ pu'ama'ubi xe ri","no meio do caminho, meninos fizeram assalto a mim","a este lado, kunumẽ pu'ama'ubi xe ri"
arobak,virei-o ao contrário,arobak
emonã serekopyra rakó abá obasẽ-porang,"assim tratada, uma pessoa certamente chega bem",amendemos serekopyra rakó aba obasẽ-porang
xe py-mongaraû ybyrá,um pau me desconjuntou o pé,xe py-mongaraû ribeira
"putuna îudeus i pysykagûeramo sekóreme, cristãos rorybe'ymamo","a noite em que estava ele como presa dos judeus, os cristãos não estavam felizes","putuna îudeus se manter sekoreme, cristãos se enroer"
ó-kupépe,"detrás da casa, atrás da casa",no tapé-ouro
y aé rasaba mby ky'a îaîmomemûã,atravessar a água elimina a sujeira dos pés,água aé rasaba mby-tondé
i abaeté-katu xe rera,é muito terrível meu nome,eu abaeté-katu xe rera
eva onhemomotareté 'ybá-poranga resé iî ykyébo,"eva atraiu-se muito pelo belo fruto, colhendo-o",eva tem vontade de 'ybá-poranga resé sob o ombro
xe pysy-potar-y bé serã kó gûyragûasu,talvez queira agarrar-me novamente este pássaro grande,xe pysy-potar-y bé seja esse gûyragûasu
setá nhẽ ygasabusu,"são muitas, com efeito, as grandes igaçabas",setá nhẽ ygasabusu
kó xe ypy,este é o meu princípio,esta é a primeira vez
moreaûsuba rerekoara,protetora dos aflitos,moraûsuba rerekoara
aîkatu'ok,selecionei-o,eu posso gritar
umãpe tatapytera? umãpe ka'umondá?,onde tatapitera? onde caumondá?,fogo em algum lugar? floresta em algum lugar?
xe katupe ká,hei de ser bom,xe cape
-mba'e-mba'epe asé suí i pitubypyra? -asé rumby,-que é ungido de nós? -nossas ancas,-a que faço suí o pitubypyra?
nde rekomemûã rumõ-rumõmo nhẽ,"teus pecados estando a aumentar, com efeito",tua recomendação rumõ-rumõ nhẽ
opakatu ikó 'ara pupîara mba'easy sosé,mais que todas as coisas dolorosas que estão neste mundo,todavia dormi 'ara pupîara doença sosé
quatro tekokatu-ytá,quatro são as virtudes cardeais,quatro costumes
reri ku'i,cal de ostra,miúdos-reri
herodes meémo ikó oîme'eng te'õ supé i angaîpaba kuapa,"herodes teria entregado este à morte, conhecendo suas maldades",herodes pode dormir sob o pé do pecado
emonã nakó xe rekopotari,"assim, de fato, eu determinei",aceitem nakó xe rekopotari
"mondarõ, nhe'engaíba nde resemõ, moraseîa, nhemoryba, gûe'ena, ka'uaíba, marana","ladroeiras, palavras más sobejavam-te, danças, diversões, vômitos, bebedeiras, guerras","roubar, não te ouvir a boca, moraseîa, nhemoryba, gûe'ena, kaûaîba, marana"
"xe îekyîme, t'ereîu","ao morrer eu, que venhas","xe xe xeekyîme, teriê"
anhosen,entornei-o,anhosen
pe 'anga suí i mondóû,enxota-os de vossas almas,a 'anga suí i roubado
na xe raûsube'ỹmbeî,não porque não me ama,não xe rasubõ-bebẽ
kype onhemoŷrõmo nhẽ,longamente irritando-se,que o quibe se tivesse apanhado
"endé, tupã rorypápe aûîeramanhẽ ereîkó","tu, no paraíso para sempre estás","mande, para a glória de deus eu vou fazer um berço para vós"
nd'e'i te'e moxy onhana oîoa'o-marangatûabo,"por isso mesmo as malditas correm, insultando-se muito umas às outras",não diz que moxy tenha ido para o marangatubo
"okûabépe irã so'o, gûyrá?","escaparão futuramente os animais, os pássaros?","em que lado o seu carne, por acaso?"
i akanga t'ereîoká,que quebres suas cabeças,eu tenho a tua boca
tó! aîpó n'i papasabi!,ó! não há modo de contar isso,tó! eu não tenho papasabi!
xe resaeté,eu sou arisco,são sobros
aîepoká,arrepiei-me,eu vou ficar
xe poronupã îaby,açoito gente frequentemente,xe poronupã îaby
sesé orosó,vou com ele,sesé orosão
amongoty nhõ,"de uma só parte, de um só lado",mato-tento
mamõpe pilatos senosemi a'ereme?,"para onde pilatos retirou-o, então?",mamã pilatos senosemi devo eu comer?
marane'ymyîaramo sekó mo'anga'upa,pensando falsamente que ele é o que tem a saúde,ao amarelo de seu retrato
oroîa'ok oré îosuí,separamo-nos uns dos outros,choram para nós sorri
ikó ybytygûaîa îasegûaba pupé,"neste vale, lugar de choro",dormiu-se a pé-a-biça
tekokatueté rerekoara oporomonhyrõba'e,os que têm a beatitude são os que apaziguam as pessoas,moradoria é o que ele faz
soryb,ele está feliz,soryb
eîori xe 'anga reîa,vem para lavar minha alma,eu tenho o meu rosto
our benhẽpe o boîá rupápe?,veio de novo ao lugar em que estavam deitados seus discípulos?,no nosso berinhães ou no boîá?
"miapé o pópe o emiîara i moîebyû o etéramo, kaûĩ og ugûyramo",o pão que apanhou em suas mãos devolveu-o como seu corpo e o vinho como seu sangue,"miapé em mãos emixara o seu filho a queiresse, o bosque a queiresse"
emonã ûĩ re'a a'é,concluo que talvez isso seja assim,aceitem o vosso rosto
asenõî nakó naeroîaî turi,"chamei-o, de fato, mas nem por isso veio",a gente não tem turi
minusu pupé iî yké kutuki aûnhenhẽ 'y sugûy abé i xuí i 'ẽaûama,"com uma lança espetaram seu flanco, causa de verterem imediatamente dele água e seu sangue",minusu pupé ao lado kutuku aûnhenhẽ 'y sugûy abé i xuí i 'eûûyama
obebuî-berame'ĩ,parece flutuar,obbuî-abri
"ene'ĩ, oré îeruresar!","eia, advogada nossa!","xeî, vamos eruresar!"
"osem okarype, oîase'o-asy-katûabo","saiu para o pátio, chorando muito dolorosamente","osem no berço, quer estar doente-katuabo"
oporokurá-kuraba'e,o que fica escarnecendo das pessoas,perguntou-curabá
iîá mosapyr-y bé pekaî oîepegûasune,"ainda bem que vós três, novamente, queimareis juntos",mosapyr-y bé mosapyr-y é o que fazemos
sesé nhõ tupã i moingóû anhangamo,"por causa disso, somente, deus os fez ser diabos",sesé nhõ deus seu moingûro anhangamo
"taûîé pe poreaûsubagûama rapirõmo, peîemoangekoaíb peína","pranteai logo vossa miséria, estai a vos lastimar","cidade para o poreaûsubagûyûgûyû, vocês são os únicos que possam viver"
peîkoeté pe robaîara pé,sede corajosos junto de vosso inimigo,sereis o que nos faz cair
yby abé a'ereme oryryîane,"tremendo, então, a terra também",que eu quisesse que ela tivesse saído
xe ruba xe monhangara,"meu pai, o que me gerou",xe ruba xe monhangara
morabuká-katu,bom trabalhador,morabukar-katu
ababak,estrebuchei,ababak
pemanõmo,morrendo vós,nós vamos
xe rapi'agûasu,eu tenho hérnia,xe-aegûasu
o emitymbûerypy pupé tupã potá-me'engano,dar também o quinhão de deus naquilo que plantou primeiro,emitymbûerypypé deus potá-meengano
apebusu,"rechonchudão, baixo e largo de corpo",abobuse
n'a'ekatuî,não sei,não pecar
abá marã sekoagûerĩ resé nherane'yma,ser cordato com um pequeno proceder no mal de alguém,abá marã sekoagûyrõẽ sere nherane'yma
oîepó-eî te'yîa remiepîakamo,lavou-se as mãos à vista da multidão,se há um amistadeiro
"i tupãok îepé, tupãmongetá-ngetábo, aîmomoxy pabenhẽ","embora eles tenham igrejas para ficar rezando, a todos arruinei","seu deus épé, deus-ngetábo, amoxy pabenhẽ"
oroîogûerekó,nós nos combatemos uns aos outros,dormiam
"eîmoîar, eîmoîar ybyrá îoasaba resé","prega-o, prega-o na cruz de madeira","iãmuru, iãmuru junto à îoasaba resé"
sobábo akûab - diante deles passei nhoesembé robábo i kûáî,ele passou defronte de nhoesembé,sobábo akûab - diante deles passei nhoesembé roubo de seu kuáî
domingo pupé oporabykyba'e,o que trabalha no domingo,domingo pupé faz pesquisa
koromõ xe rorybamo,logo eu estou feliz,coraço xe nós orybybamo
"taba supa, ybytyrype xe sóû","para visitar a aldeia, eu fui à serra","taba supá, no topo xe sóû"
aîur gûiîeby,"vim, voltando",gûiîeby
ybytu nde rasapápe,ao te trespassar o vento,orygão em tua robana
"xe îekyîme, t'ereîu","quando eu morrer, que venhas","xe xe xeekyîme, teriê"
i mba'eba'e ixé,eu sou o que é rico,o que é que ele é
akanhem kó ixé re'a,eis que agora eu pereço,akanhem esse ixé tu vais
xe roryb nde só resé,eu estou feliz por tua ida,xe roryb só tu resé
"marã e'ipe asé, karaibebé o arõana mongetábo?","que a gente diz, conversando com o anjo seu guardião?","para onde irás, senhor bebê ou para onde iremos?"
te'õ a'e mendasareté momboîsabamo,"a morte, na verdade, é a ameaça dos que se casam verdadeiramente",eu seria mendasaré se ele ensinasse
i angaturãngatu moeburusûabo,sua muita bondade engrandecendo,seu moeburûûûûûûûûûûûû
mba'epe ké kanindeoby îasûara?,que há aqui semelhante a um canindé azul?,para que o kanindeoby é saudável?
mirĩ-mirĩ,muitas coisas miúdas,meninos
itá-îurutá,coleira de ferro para prender pessoas,morada
eîké kori xe nhy'ãme,entra hoje em meu coração,dois kori xe no rosto
o mendasabe'yma resé oîkoba'e,o que tem relações sexuais com o que não é seu cônjuge,mendasabé-o-tão não tem nada a fazer
xe té xe té,eu estou muito desfigurado,té-tê
"n'opabi moropotara, tesãînana, marã'é","não acabam os desejos sensuais, a lascívia, as maledicências","nopabi moropotara, saúde, saúde"
"kó xe 'anga, nde rusaba, nde rupabamo t'oîkó","eis que minh' alma, à qual tu vens, há de estar como teu leito","eis 'anga, tua rusaba, tua cama t'oîoîo"
na xe 'amopiri,eu não tenho prepúcio,na xe 'amopiri
"xe resaraî é gûitekóbo, n'aseîá-potá ruã!","eu estava, mesmo, esquecendo, não que o quisesse omitir","xe-rasaraí é gûyitekóbo, não quer-se que seja!"
n'aîkugûabe'ym-a'ubi,fiz que não o conhecia,não tenho miú-ubi
aîekotyrung seséne,porei armadilhas para eles,eu estava a dormir sozinho
i apytera,o miolo dele,sua cintura
nde nhe'ẽporoîukaípe abá supé?,tu fizeste agressão com palavras a alguém?,não lhe fala abá supé?
oroîopopysyk,recebemo-nos uns aos outros,orîoyé continuará
endé é aîpó eré,tu mesmo dizes isso,eu vou ficar contigo
akó amõaé,aquele outro,eu me aporo
aîosok,feri-o,eu a esbugalhar
eîotĩ nde kesaba xe porupi,amarra tua rede de dormir ao longo de mim,põe sua casaba ao pé
nde nhyrõ oré angaîpaba resé,perdoa tu nossas maldades,tua criança nos tinha enganpaba resé
xe apaxixã,eu fiz confusão,xe apaxîxã
"karaibebé a'e, moroîubyka pûaîtara",ele é o anjo que encomenda o enforcamento,"senhor bebê aé, moroîubyka pûaîtara"
aĩngatu,estou bem estabelecido,eu poderia ficar
o emiamotare'yma rekoápe osó-potare'ymba'e sepîaka suí,o que não quer ir para onde está o que ele detesta para não o ver,emiamotareîyûyûyûyûyûyûyûyûyûyûyûyûyûyûyûyûyûyûyûyûyûyûyûyûyûyûyûyûyûyûyûyûyûyûyûyûyûyûyûyûyûyûyûyûyûyûyûyûyûyûyûyûyûyûyûyûyûyûyûyûyû
xe abagûasu,fiz-me homem,xe sul
a'epe marã abá rekóû a'e o esaraîagûera supé ogûasemane?,e como alguém procederá encontrando o que esqueceu?,pergunto-lhe se a vida do abá seria de esaraûser supé ogûysasemane?
anhemoatãngatu,esforço-me muito,eu estou firme
nde rapixara ku'a îubana,abraçando a cintura de teu companheiro,tua rapixara pele îubana
"oîkobé xe rubangaba, tupi moangaîpaparûera","há um padrinho meu, velho pervertedor dos tupis","fica xe rubangaba, tupi moangaîpaparûera"
sendybangã,canto dela,sendybanga
eîkuá ra'u nde ri opûaryba'e!,"adivinha, vamos ver, o que bateu em ti!",que o seu riso se enxugue!
xe 'a!,meu senhor!,xe 'a!
sesé îandé moîekosupagûera resé îandé ma'enduaramo kó 'ara îaîmoeté,"comemoramos este dia, lembrando-nos do tempo em que nô-la fizeram alcançar",sesé îandé será grato a todos por ouvir esta 'ara' será
osó ipó re'a,deve ter ido,sai do pé-a-pousada
a'amĩ,eu estou em pé,eu a amarinha
"ereîkupeanga'ope nde ruba, nde mbo'esara?","vituperaste pelas costas a teu pai, a teu mestre?","para onde será quebrado o teu rosto, o teu ensino?"
aî'atypetek,esbofeteei suas têmporas,me assento
orosy-syk,chegamos sucessivamente,orosy-syk
nd'e'i te'e moxy onhana,por isso mesmo as malditas correm,não disse que moxy ia
ygá-pype,na parte de dentro da embarcação,em casa
"eîmo'ẽ nde resa'y, nde 'anga i momara'aragûera rapirõmo","derrama tuas lágrimas, pranteando a vergonha de tua alma","espunha o teu sofrimento, o teu 'anga se amarasaragûera na guerra"
apore'ym,dou de beber às pessoas,meu irmão
kamusi ku'a rupi nhote kaûĩ reni,"o cauim está pela metade da vasilha, somente",por kamusi pele nhote renês de maço
aîmoîobaîxûar,ponho-os um diante do outro,estarei em jogo
n'asé ruba ruã-tepe asé reté oîmonhang?,mas não foi nosso pai que fez nosso corpo?,quer-se ruba em ruba só o roupé estámonhang?
se'yî nhẽ nde rekasara,são numerosos os que te procuram,seînyẽ o teu buscar
itá repoti,escória do ferro,repoti da sua aldeia
îandé rubypy momendá îandé sy-ypy resé,fazendo nosso pai primeiro casar com nossa mãe primeira,rubypy casamento rubypy tio-abiã
sekoab apŷabangaturama i porerekó-katu,é usual os bons homens tratarem bem as pessoas,sekoab apŷabangaturama seu bem-estar
"xe-te, xe rembiá-potá sabeypora amõ resé","eu, em vez disso, quero presas nas pessoas de alguns bêbados","xe-te, xe-biça-potas sabeypora eu vou vos contar"
t'aîtyk pá koty,que eu lance fora todas as armadilhas,esconde o quarto
abá resé nhoamotare'yma rerekouká abá supé,fazendo as pessoas terem ódio umas das outras por causa de alguém,aba vós não vos acostumareîa abá supé
ta sory îandé ra'yra !,que se alegrem nossos filhos!,que pena seu filho!
xe resapytumbyk,eu desmaio,xe-apytumbyk
aîeku'apûar,cingi-me,trabalhar
eresa'angype abá-memûã?,imitaste os homens maus?,pesquisam abá-memûne?
"koromõ, keygûara temiminõ moaûîébo, asapekóne","logo, vencendo os temiminós, habitantes daqui, frequentá-los-ei","coração, coração temiminho moaûîébo, eu vou fazer"
anhopan,aparei-o,eu ando
aîabab,fujo,eu tenho bebê
abá angaîpá-nhemima i kuapare'yma supé mombegûabo,contando as maldades escondidas de alguém para quem não as conhece,aba angaîpá-nhemima o sol supé a distância
eîembo'ebo,ensinando tu a ti mesmo,ensine-os
"eresópe abá îeky-'ye'ẽ supa, i pora rá?","foste para revistar as cisternas de água doce de alguém, tomando seu conteúdo?","ao îesopé abá îeky-'îe'ẽ supã, i pora rá?"
ikó îu'i t'ere'u sepy resé,"estas rãs, que as comas em retribuição por isso",dormi o seu alimento sepy resé
ogûatápe oré rekyîa,para seu fogo arrastando-nos,onde ele está ao nosso lado
mba'e-eté anhẽ nhemombe'u tupã remimonhangûera ikó 'ara pupé o monhyrõsabamo,"coisa muito boa é a confissão, que deus fez como modo de aplacá-lo neste mundo",coisa-te-não vou contar para vocês que o rimonhangûera de deus ikó 'ara pupé o monhyrõsabamo
"eîori, xe îarĩ gûé!","vem, ó meu senhorzinho!","já está, já está!"
minga'u-pomonga,mingau grudento,minga'u-pomonga
peîmoín amõ cruz oîepé kó mara'abora robaké sesá ma'ẽndabamo,ponde uma cruz diante deste doente como objeto da visão de seus olhos,estades junto à cruz nesta mara'abora robaké sesá amanhã
kó taba monema moropotara pupé,fazer feder esta aldeia com o desejo sensual,taba monema moropotara pupé
kó aîkó nde akanga kábo nde îerobîara suí,eis que aqui estou para quebrar tua cabeça por causa de tua arrogância,eis aqui teu cambaço cabo teu serobîara suí
aîpysyk-atã,segurei-o fortemente,irã-irã
omendá-potaryba'e,os que querem casar-se,casou-se-possar
kunumĩ-a'uba,rapaz,menino-aubá
a'e i pupé sekó-nhemimi,ele dentro dela está ocultamente,eu amo seu sepó-nhemiminhẽ
aîmo'ar,dei-o à luz,eu vou-me
itangapẽ-mbora,"marca de espada, sinal de ferimento com espada",sua beleza
îasy mba'e i 'upyra,a lua foi comida,são doentes o seu 'uryra
pe poreaûsu korine,estareis aflitos hoje,o seu korine
xe rugûy,eu estou menstruada,xe rugûy
emonã ûĩ sekóû,essa fez assim,aceitem o cutu
karûaba,"tempo, lugar, modo, finalidade, etc de comer, de pastar",karûaba
gûeîmbaba îeapyká,cria de seus animais,todos em um canto
abá angaîpá-nhemima i kuapare'yma supé mombegûabo,contando os pecados escondidos de alguém para quem não os conhece,aba angaîpá-nhemima o sol supé a distância
so'ombo'isara,"retalhador de carne, açougueiro",ensina-se
eboûĩ abá 'anga rupîatyba a'e,eis que o adversário costumeiro da alma do homem é ele,amo abá 'anga rupîatyba a'é
t'aka'une!,vou beber cauim!,que se dê!
aûîebeté ereîkó xe îar-y gûé!,"ainda bem que existes, ó meu senhor!",eu diria que faz-ne-frito!
rerityba,"""ajuntamento de ostras"", nome de um lugar",rebento
"oporomoaîu oîkóbo, oporomotekokuabe'yma","está molestando as pessoas, fazendo-as cair em erro","ele disse que já estava, já tinha ido"
"mba'eeté ka'ugûasu, kaûĩ moîeby-îebyra","coisa muito boa é uma grande bebedeira, ficar vomitando cauim",natureza florestal
na xe îuru-pyki,eu não tenho boca sossegada,na xe îuru-pyki
opá 'ypa'ũmendûara,todos os que estão nas ilhas,desceu 'ypa'ũmendûary
îepytasokûera eroîeby,devolvendo sua antiga firmeza,que continue eroyeby
i angaîpabetépe abá onhemopaîé-paîébo?,erra muito o homem que se fica fazendo pajé?,em seu pecador será que ele será morto para sempre?
ypyasoara,o que vai buscar água,primeira-asoara
îandé 'anga îukasara,matador de nossa alma,îandé 'anga îukasara
tupã osaûsupe'a,deus deixou de amá-los,deus osûsubê-los
xe abagûasu,eu sou um homem feito,xe sul
apŷaba nd'e'i te'e o 'ybamo nde mo'ama,por isso mesmo os homens erigem-te em dirigente deles,apenaba não disse a ti 'se o teu tio fosse
îudeus supé sepîakuká,mostrando-o aos judeus,îudeus supé sepîakyuká
"o'anga koîpó abá 'anga koîpó santo amõ ybakype tekoara renõîndara abé o îuraragûaîamo nhẽ, marãpe?","e mentindo aquele que invoca sua própria alma, a alma de alguém ou também algum santo que está no céu, que acontece?","a imagem de santo abá 'a imagem de santo santo santo amã ybaky no meio do tempo abé iraragûyûrõ nhẽ, marã?"
i xupé o ekotebẽsaba resé oîerurébo,rezando a ele no tempo de sua aflição,eu xupé eu vou ficar no meu lado
setá tekó oporomondyîba'ene,serão muitos os fatos que assustarão as pessoas,setá o homem enriqueceu
arekorekó,fiz confusão,tenho
xe aning-aning,eu tenho arrepiamentos,xe aning-aning
a'ekatu sesé,sei fazê-lo,eu peço sesé
xe asur,eu estou calombento,xe assur
îepémo asó,eu iria inutilmente,seremos eu
itaîuba repyramo aîme'eng,dei-o a troco de dinheiro,ao pé-de-bico eu me encosto
emombe'u nde retama ixébe,descreve tua terra para mim,contar sua retama ixébe
ka'a-embe'ype osóbo,indo para a borda da floresta,no bosque-mar correr
"xe resé oîerobîá, xe resé-katu oîekoka","em mim confiam, bem em mim apoiando-se","xe resé estáerobîá, xe resé-possí que estejaekoka"
oky-ko'ẽ-ko'ẽ amana,a chuva ficava amanhecendo a cair,amanhã-abur-abur
marã e'ipe asé o ké îanondé?,como diz a gente antes de dormir?,para onde iremos ou para onde iremos?
i nhyrõ ipó kori ixébene,"perdoará hoje, certamente, a mim",o nariz o pé o ixébene
xe îara re'õ renõîa,evocando a morte de meu senhor,xe îara-tão
oîoesé te'õ 'asápe abá 'anga re'õû nhẽ,"ao cair a morte neles, as almas dos homens morrem",queríamos estar no ar abá 'anga roça
kó santo ranhẽ ypy og ugûy mo'ẽ-ukar,"esse santo, pela primeira vez, fez verter seu sangue",no amanhecer deste santo o seu filho ogûy meu-ukar
xe ikó asaûsu pe 'anga tekopûera rekoaboka,"eis que eu amo vossas almas, modificando os costumes antigos",xe ikó asaûsu a 'anga de morada abóboka
emokanhem xe ra'angara,faze sumir meu tentador,emokanhem xe ra'angara
abyr,levanto-me,abyr
eremosangu'upe nde membyra akyrara potá?,tomaste poção querendo o aborto de teu filho?,ensanguentareis o filho perdido de vós?
i momanõmbyra,o que é feito morrer,seu neto
t'oporandu abaré supé o nhemombegûápe,que perguntem ao padre ao se confessarem,pergunte abaré supé o nhemõengûy
tynysẽ memẽ ygasaba,estão sempre cheias as igaçabas,gûynyẽ mãẽ ygasaba
tining-atã,coisa mirrada ou muito seca,tinagem
xe potyr,eu tenho flores,são lindos
seroŷrõmo opakatu ikó 'ara pupé seroŷrõmbyra sosé,detestando-os mais que tudo o que se deve detestar neste mundo,serõîrõ todo mundo dormi 'ara pupé serõîrõîrõ-tese
"ybaka rasapa osó, nde reîá","atravessando o céu foi, deixando-te","rasapa ybaka saiu, para ti"
"eresaûsubápe nde sy, nde ruba?",compadeceste-te de tua mãe e de teu pai?,"onde perguntaria sua mãe, seu avô?"
aîemĩngatu,escondo-me bem,possuo
"salve rainha, moraûsubara sy","salve rainha, mãe de misericórdia","salve rainha, mãe de moraûsubara"
aîmobabak xe rûaîa,balanço meu rabo,enxugûaîa
xe rarõana opoapypyk îandune,"meus guardiães opor-se-ão a vós, como de costume",xe rarõana se escondeu
asapîá-katupe angiré ká,hei de obedecer muito a ele doravante,asapîá-katupe a angiré
"eîori, mba'enem, mba'e-poxy, mborá!","vem, coisa fedorenta, coisa nojenta, borá!","euori, mba'enem, mba'e-poxy, mba'ra!"
y-mombîasaba,"instrumento de desvio de água, sangradouro",i-mobyasaba
oroîeoî,"vamos sucessivamente, uns atrás dos outros",orîoyê
"ema'enãngatu xe ri, xe mbo'are'ym-uká","vela bem por mim, mandando que não me façam cair","mãe xe ri, xe leirynhuk"
apŷabebé remi'u,comida dos anjos,apenibebé-meus
o 'anga rekobesaba,a vida de sua alma,o 'anga rekobesaba
iî ikeboka,a abertura da saia dela,sua ikeboka
xe akangûyr,eu estou descoroçoado,xe-gûyr
asé i angaîpaba'e ipó ikó ybype tupã remimotara n'oîmonhangi,"os que, de nós, são maus são os que não fazem nesta terra a vontade de deus",assé o pecado seu peito deitado no meio do mar deus remimotara n'ymonhangi
aîatyb,enterro-o,eu vou
xe mĩ-te îepé i xuí!,mas esconde-me dele!,xe-me só esse xuí!
y anhẽ,água sem mistura,água-ting
mboîa kuapagûera,rastro da cobra,diaagûera
na xe îuruéî,não me dá vontade de comer,não se enxugue
iké nhẽ peîkó xe rarõmo,estai aqui esperando-me,durmam o que vos faz
sekoaûîépe gûaîtaká koîpó gûaîanã ra'yra?,está pronto o goitacá ou o filho do guaianá?,no berço gûypa o filho do gûypa?
aîabyky,penteio-o,me abaixo
arangaturam-eté,dia muito bom,aranaturam
"oîmoeté bé asé amõ amõ 'ara, i pupé oporabykye'yma","honra a gente também outros dias, neles não trabalhando","fosse que fosse o dia 'ara, o pupé oborabye'"
"ne'ĩ, t'ereîkó pa'i nikorá irũ","eia, que mores com o senhor nicolau","serás, serás padre não teriam namorado"
"kobé xe îurupara, kobé arupare'aka","eis aqui meu arco, eis aqui as farpas",kobé xe îurupara
"t'orogûerekó, setãme, nde pyri, tekopuku","que tenhamos, em sua terra, junto de ti, a vida eterna","te enormar, setãme, teu pé, tua estatura"
ysá rupi'a,ovos de içá,Através do rio
n'oîkoéî o îosuí,não diferem uns dos outros,não haverá sorrisos
moropotaragûera posanga,remédio de nossos antigos desejos sensuais,moropotaragûera posanga
nãîbe'ĩnhot'a'ub,diminuto como isto,não tem que ficar a amar
"tupã sy t'îasaûsu, sesé îanhemoryryîa","que amemos a mãe de deus, por ela interessando-nos","mãe de deus sorbeira, sesé sorbeira"
aîpó tekoangaîpaba robaîara nã e'i,os opostos daqueles pecados assim se enunciam,eu sou o meio-pessoal que não fala
i apytagûaba'e,o que é cabeçudo,o seu arredondado
emonã takó aîkó,hei de viver assim,aceitem o taco em vez de eu
irõ ianga pa'i tupã îandé rekomonhangaba,"portanto, esses são os mandamentos do senhor deus a nós","amigo seu pai, o deus îandé, o reconhangaba"
s pedro itangapema osekyî i nambi mondoka,"são pedro puxou a espada, cortando sua orelha",s pedro o seu povo sorri do seu nome roubo
ybaté t'orobasẽ,que cheguemos ao alto,sob o rosto
pé rupi,pelo caminho,por ali
nde poxype nde remirekó asykûereté amõ resé koîpó i mũ-mbyryba?,tu foste torpe com alguma irmã de tua esposa ou com sua parente próxima?,em seu rosto sua esposa irão ficar irritados para onde será que hoje ele fica longe?
xe mba'e'ĩ,minhas coisinhas,xe coisa
-abá ra'yrape ûĩ?! -sé! -filhos de quem eram esses?!,sei lá!,-filhos de quem eram esses?!
abá-angaîpabĩ takó mba'e-katu ogûerekó xe suí mã!,"ah, um homem pecador há de ter mais coisas boas que eu!",aba-angabebatos tacos o que pode ter sido xe suí mã!
sye'yma,"o sem mãe, o órfão de mãe",minha irmã
nambi-paîa,"peso de orelha, orelheira",amby-paîa
"tupana kuapa, ko'y asaûsu xe îara îesu","conhecendo a deus, agora amo meu senhor jesus","tupana kuapa, ontem asaûsu xe îara îesu"
"n'i aîarõî îesu cristo taté é te'õ suí i îepirapûana, tuba i moingoaba se'õ a'e i aîarõ","não parece bem fazer ele a defesa da morte fora de jesus cristo, mas faz sentido que sua morte fosse a finalidade com que seu pai o fez viver","não espero que îesu cristo taté é te'õ suí i îepirapûana, tuba i moingoaba se eu espero"
n'asaûsu benhẽî xûé anhangane,não mais amarei o diabo,não espera benhãî xûé anhangane
yby koîpó mba'e amõ gûara,o que come terra ou outra coisa,chuva a gente faz o que eu quero
xe piru'a-ru'a,eu tenho muitas bolhas,xe piruîa-ru'a
ererobîápe îetanonga'uba?,acreditas em falsas oferendas?,para onde está o seu sermão?
n'osa'angi-tep'akó nhembo'e ko'arapukuî?,mas não se esforçam esses por aprender sempre?,não será que está fazendo o seu trabalho de aprendizado hoje à tarde?
t'asepîáne nde robá,hei de ver tua face,ele desejava te roubar
aîpó i pyri i moîarypyrûera abé,aqueles pregados junto dele também,pernoitei no meu pé no meu pé
"xe pûeraî, xe ropesyî!","eu estou cansado, eu estou com sono!","xe-pûery, xe-pûery!"
aó-tinga onong asé resé,roupa branca põe na gente,aó-tinga onongé assé
nd'oroîoabyî,não somos diferentes,não nos amolecer
kûeîsé bé nakó aîrumõ,"eis que o ajunto há dias, na verdade",kûẽẽẽ bé não vou dormir
xe resaeté,eu sou libertina,são sobros
ybakygûara,os habitantes do céu,abóbora
"xe anama, erimba'e, tekó-ypyramo sekóû","minha nação, outrora, estava segundo a lei primeira","xe anama, erõmes, o velho-a-idade secûûû"
ererobîápe maraká poraseîa?,acreditas na dança do maracá?,que ano é bonito para o vosso servo?
mokõî mondabora,dois ladrões,ambos ladrões
"a'epe asé re'õmbûera, marã?","e os cadáveres da gente, que sucede a eles?","perguntei-te se estás a ficar xeonhoso, certo?"
akûeîme kó tabygûara xe pó gûyrybo sekóû,antigamente estes habitantes da aldeia sob minhas mãos estavam,dia a dia esta tabagûara xe pó-gûyrybó
"oroaûsu-potá-katu, oroîeme'enga endébo","queremos muito amar-te, entregando-nos a ti","oroaûsu-potá-katu, oroîemênebo"
nde poropotarixûera nd'o'ir-etéî nde suí,teu costumeiro desejo sensual não se separava verdadeiramente de ti,tua poropotarixûera não pode acompanhar o teu suí
xe membykambu,meu filho que mama,xe-miragûá
kabaru repanakũ,a sela do cavalo,rebanho-abóbora
ereroŷrõ-mbápe sekó?,detestas completamente suas obras?,para onde vocês estão a ficar?
opá ã îandé moaûîéû tamyîpagûama moaûîé ymã îabé bé,"eis que a todos nós vence, como também já venceu os antepassados",sai do seu lado de fora de casa
apak gûitupa,estou acordando,meu pai gûitupa
n'asepîaki kybõygûara,não vi os de cá,não quer que o kybõygûara
nde ate'ỹ-mukuramo,estando tu por longo tempo preguiçoso,quando tu irás-mirar
mo'yrobyeté sepîakypyre'yma,colares azuis não vistos,cego-também
oposẽ-posẽ pabenhẽ sesé,ficaram todos gritando por causa disso,oposição-posseibõ pabenhẽ sesé
"xe moanhẽ kó xe boîá, îeí xe repîaka'upa","apressam-me estes meus súditos, tendo saudades de mim hoje","xe moanhẽ esse xe boîá, xe caro será"
i moetepyra,os que devem ser honrados,o meu pé-de-abóbora
abá 'anga mara'ara i pupé opûeîrá-katu,as doenças da alma do homem com ela saram bem,aba 'anga mara'ara i pupé pode cessar
xe run tatatinga suí,eu estou preto de fumaça,xe run tatatinga suí
tekotebẽboramo oîkóbo,estando aflito,se a bondade estivesse
xe rendaba,meu estrado,em seu lugar
abá mongagûabo koîpó se'yma,fazendo as pessoas beberem cauim ou dando-lhes de beber,abá-mondarino hoje seyma
ka'abo aîkó,ando à caça,cabuço
"aîpó pytunusu suí tupã nde mosemagûera kuapa, eîmomba'eté tupã","sabendo que deus te fez sair daquela escuridão, honra a deus","tenho escuridão suí deus teu mosemagûera kuapa, sejais deuses"
o puru'a îuká potá mosanga o'uba'e,"a que ingere uma poção, querendo matar seu feto",limpa o seu pé mosanga bebe
endé aé ereîekûá xe roka pobu-potá,"tu mesmo és causa de teu dano, querendo revirar minha casa",endé aé teria que dizer xe roka-potá
osekyî kunhã maîé karûara,invocam as mulheres o pajé caruara,sorri manhã maîé karûara
xe agûasá gûitekóbo,eu estou-me amancebando,xe agûûîas gûyîkóbo
ebokûeî i xóû,eis que aí ele vai,abaixar o bocado
t'amoberab tupã robá-pytuna xe 'anga supé,que eu faça brilhar a face escura de deus para minha alma,tuamoberab deus robá-pytuna xe 'anga supé
moka'ẽ itá îurá 'arybo sesyri,"sobre grelhas de moquear, de ferro, assaram-no",moka'ẽ seu pé îurá 'arybo sesyri
xe rãîbitir,arreganhei os dentes,por aí
sepynõneme,quando ele peida,sepyném
u'ubae'ẽ kambykaba,prensa de espremer cana-de-açúcar,ubyẽ kambykaba
"ygasápe kaûĩ-tuîa, a'e ré, îamomotá","o cauim transbordante nas igaçabas, depois disso, os atrai","no mar o our-tuba, digo seu nome, îamomotá"
marãba'e kunhãpe santa maria?,que espécie de mulher é santa maria?,será o dia de amanhã santa maria?
nyn-nyng a'é,estou a latejar,eu sou
"eîkobé-katu, xe mbo'esar gûy!","salve, ó meu mestre!","sois-se-pode, xe ensinar gûy!"
xe abá niã ixé,eis que eu sou homem,são abá niã ixé
n'aîabŷî xûé temõ erimba'e nde nhe'enga mã!,"ah, quem me dera não ter transgredido outrora tuas palavras!",não tenha medo de que vos apegue o vosso somento!
setápe asé nhemongaraíbi?,a gente se batiza muitas vezes?,no meio do fogo tenho nhemongaraíbi?
"o sy rygépe o pitanga reropytá îabé, t'opytá pe pupé",que ele fique dentro de vós como fica com seu estado de feto no ventre de sua mãe,"para a mãe o pitanga vamos ficar aí, ficar o pupé"
xe moma'ẽmo,fazendo-me enxergar,xe mamãm-me
ãme,em abrigo,para ele
itaoba i apenhugûã-nhugûanyba'e,couraça com lâminas,itaoba i apanhûgûanyba'e
asó gûarinĩramo,"vou à guerra, vou como guerreiro",eu vou-a-gûarinhã
nde resá-poraûsubara erobak ixé koty,teus olhos misericordiosos volta em minha direção,tua rosto-aposição roba o quarto
